"Filename","LineNumber","Line"
"CondensedPhysics2.py","162","class MonteCarloStochasticWrapper:"
"CondensedPhysics2.py","410","class MagneticBubbleConfinementOrb10Calculator:"
"CondensedPhysics2.py","505","class IntelligentPlasmoidBehaviorOrb11Calculator:"
"CondensedPhysics2.py","581","class TotalEnergyBudgetOrb11Calculator:"
"CondensedPhysics2.py","679","class FortyTwoFrameSequenceCalculator:"
"CondensedPhysics2.py","728","class CyclicalConvectionOrb12Calculator:"
"CondensedPhysics2.py","796","class Orb12RefinedFUCalculator:"
"CondensedPhysics2.py","877","class FullSequenceQuadrantTrackerCalculator:"
"CondensedPhysics2.py","956","class HydrogenBubblePathAnchorCalculator:"
"CondensedPhysics2.py","1031","class ThermalConvectionCycleCalculator:"
"CondensedPhysics2.py","1099","class CumulativeEnergyAnalyzerCalculator:"
"CondensedPhysics2.py","1205","class FortyFourFrameSequenceCalculator:"
"CondensedPhysics2.py","1254","class DiagonalShiftOrb13Calculator:"
"CondensedPhysics2.py","1311","class Orb13RefinedFUCalculator:"
"CondensedPhysics2.py","1392","class IntelligentQuantumPlasmoidCalculator:"
"CondensedPhysics2.py","1468","class Orb13EnergyProgressionCalculator:"
"CondensedPhysics2.py","1531","class WaxCapCoolingSCMCalculator:"
"CondensedPhysics2.py","1636","class FortySevenFrameSequenceCalculator:"
"CondensedPhysics2.py","1692","class CyclicalConvectionOrb14Calculator:"
"CondensedPhysics2.py","1762","class Orb14RefinedFUCalculator:"
"CondensedPhysics2.py","1843","class HalfCycleOscillationCalculator:"
"CondensedPhysics2.py","1896","class CelestialDynamicsComparisonCalculator:"
"CondensedPhysics2.py","1958","class Orb14EnergyEfficiencyCalculator:"
"CondensedPhysics2.py","2095","class FiveHundredFrameDatasetCalculator:"
"CondensedPhysics2.py","2151","class PlasmoidSpinRateCalculator:"
"CondensedPhysics2.py","2210","class ErrorReductionValidatorCalculator:"
"CondensedPhysics2.py","2279","class Exp2PreviewCalculator:"
"CondensedPhysics2.py","2341","class QuadrantSequenceOrb15Calculator:"
"CondensedPhysics2.py","2425","class FinalizedFURefinementCalculator:"
"CondensedPhysics2.py","2611","class PlasmoidSpeciesClassifierCalculator:"
"CondensedPhysics2.py","2689","class CirculationPatternExp2Calculator:"
"CondensedPhysics2.py","2751","class StandardPhysicsComparisonCalculator:"
"CondensedPhysics2.py","2818","class Exp2Batch1EnergyCalculator:"
"CondensedPhysics2.py","2886","class NavierStokesPlasmaFlowCalculator:"
"CondensedPhysics2.py","2958","class PlanckBlackbodyValidatorCalculator:"
"CondensedPhysics2.py","3117","class RedMercurySuperconductorCalculator:"
"CondensedPhysics2.py","3172","class SilverMercuryPropulsionCalculator:"
"CondensedPhysics2.py","3230","class NorthNeutralStateCalculator:"
"CondensedPhysics2.py","3291","class TwentySixQuantumStateCalculator:"
"CondensedPhysics2.py","3349","class QualityShiftFunctionCalculator:"
"CondensedPhysics2.py","3420","class RocketFuelTuningCalculator:"
"CondensedPhysics2.py","3482","class HydrogenOxygenGasStorageCalculator:"
"CondensedPhysics2.py","3558","class CosmicWindDiskStabilityCalculator:"
"CondensedPhysics2.py","3746","class PlasmoidFrameAnalysisCalculator:"
"CondensedPhysics2.py","3863","class CyclicConvectionPatternCalculator:"
"CondensedPhysics2.py","3978","class NonLocalityPeakCalculator:"
"CondensedPhysics2.py","4085","class UFEQFETenComponentCalculator:"
"CondensedPhysics2.py","4230","class CosmicWindInteractionCalculator:"
"CondensedPhysics2.py","4325","class UniversalMagnetismFormsCalculator:"
"CondensedPhysics2.py","4429","class PlasmoidIntelligenceMetricsCalculator:"
"CondensedPhysics2.py","4547","class FieldGeneratorCorrelationCalculator:"
"CondensedPhysics2.py","4746","class SuperSaturatedQuantumOverlayCalculator:"
"CondensedPhysics2.py","4830","class NonLinearTimeEnergyCalculator:"
"CondensedPhysics2.py","4920","class TwentySixQuantumShellsCalculator:"
"CondensedPhysics2.py","5038","class StabilizationPhaseCalculator:"
"CondensedPhysics2.py","5150","class StandardPhysicsApproximationCalculator:"
"CondensedPhysics2.py","5305","class QuantumShiftMeasurementCalculator:"
"CondensedPhysics2.py","5403","class TeslaPhenomenonCalculator:"
"CondensedPhysics2.py","5577","class PhotoTwentyOneAnalysisCalculator:"
"CondensedPhysics2.py","5677","class NoMassEnergyOnlyDynamicsCalculator:"
"CondensedPhysics2.py","5768","class ConsolidatedUFEQFECalculator:"
"CondensedPhysics2.py","5897","class ErrorReductionProgressCalculator:"
"CondensedPhysics2.py","5983","class WavelessCommunicationValidationCalculator:"
"CondensedPhysics2.py","6068","class PlasmaShieldingDefenseCalculator:"
"CondensedPhysics2.py","6147","class CosmicModelingValidationCalculator:"
"CondensedPhysics2.py","6243","class FieldGeneratorCorrelationV2Calculator:"
"CondensedPhysics2.py","6459","class FSCSuperconductiveMaterialCalculator:"
"CondensedPhysics2.py","6517","class StellarHollowStructureCalculator:"
"CondensedPhysics2.py","6583","class MassIndependentUFEQFECalculator:"
"CondensedPhysics2.py","6685","class ZeroReflectionPlasmoidCalculator:"
"CondensedPhysics2.py","6745","class UltraCleanMediumCalculator:"
"CondensedPhysics2.py","6810","class NoThermalExpansionCalculator:"
"CondensedPhysics2.py","6877","class StaticSinkFieldCalculator:"
"CondensedPhysics2.py","6948","class VideoFrameSettingsCalculator:"
"CondensedPhysics2.py","7030","class ParaffinGasBubbleBalancerCalculator:"
"CondensedPhysics2.py","7103","class ImaginaryQuantumStateCalculator:"
"CondensedPhysics2.py","7252","class DualNatureSCmCalculator:"
"CondensedPhysics2.py","7314","class NegativeTimeOperatorExpCalculator:"
"CondensedPhysics2.py","7367","class UniversalPermanenceCalculator:"
"CondensedPhysics2.py","7471","class InertialForceOperatorCalculator:"
"CondensedPhysics2.py","7543","class VacuumStressCalculator:"
"CondensedPhysics2.py","7601","class PlasmaPIOperatorCalculator:"
"CondensedPhysics2.py","7669","class ZeroBoundaryCalculator:"
"CondensedPhysics2.py","7737","class PrimordialHydrogenCalculator:"
"CondensedPhysics2.py","7810","class ConsciousnessFluctuationQFECalculator:"
"CondensedPhysics2.py","7887","class AtomicTransmutationCalculator:"
"CondensedPhysics2.py","8028","class FrameSequenceProgressionCalculator:"
"CondensedPhysics2.py","8086","class CumulativeEnergyProgressCalculator:"
"CondensedPhysics2.py","8153","class FieldGeneratorCorrelationV3Calculator:"
"CondensedPhysics2.py","8228","class StabilizationPhaseTrackerCalculator:"
"CondensedPhysics2.py","8308","class StandardPhysicsDeviationCalculator:"
"CondensedPhysics2.py","8374","class PlasmoidDynamicsValidatorCalculator:"
"CondensedPhysics2.py","8477","class GoalsValidationCheckpointCalculator:"
"CondensedPhysics2.py","8557","class CheckpointSummaryCalculator:"
"CondensedPhysics2.py","8702","class IndividualFrameAnalyzerCalculator:"
"CondensedPhysics2.py","8781","class NegativeTimeFrameSeriesCalculator:"
"CondensedPhysics2.py","8835","class BatchStructureTrackerCalculator:"
"CondensedPhysics2.py","8890","class FrameOrderingReconstructorCalculator:"
"CondensedPhysics2.py","8970","class SequentialUploadTrackerCalculator:"
"CondensedPhysics2.py","9033","class ChronicleStorylineGeneratorCalculator:"
"CondensedPhysics2.py","9116","class ExtendedUPRefinementCalculator:"
"CondensedPhysics2.py","9187","class FrameRangeValidatorCalculator:"
"CondensedPhysics2.py","9302","class Batch25FrameTrackerCalculator:"
"CondensedPhysics2.py","9346","class TimestampAssignmentCalculator:"
"CondensedPhysics2.py","9393","class IrregularOrbEnergyStateCalculator:"
"CondensedPhysics2.py","9443","class OpticalNonDistortionCalculator:"
"CondensedPhysics2.py","9493","class NonLocalEmissionCalculator:"
"CondensedPhysics2.py","9532","class CoherentScatteringCalculator:"
"CondensedPhysics2.py","9571","class PlasmaRefractiveIndexCalculator:"
"CondensedPhysics2.py","9620","class OpticalStressReductionCalculator:"
"CondensedPhysics2.py","9743","class SpindleOrbSpeciesCalculator:"
"CondensedPhysics2.py","9807","class SpeciesClassificationCalculator:"
"CondensedPhysics2.py","9874","class ExperimentBenchmarkCalculator:"
"CondensedPhysics2.py","9938","class ZeissIRCaptureCalculator:"
"CondensedPhysics2.py","9997","class Batch32FrameTrackerCalculator:"
"CondensedPhysics2.py","10057","class SpindleOrbDynamicsCalculator:"
"CondensedPhysics2.py","10118","class SpindleOrbEnergyCalculator:"
"CondensedPhysics2.py","10178","class SpindleSubCycleCalculator:"
"CondensedPhysics2.py","10295","class Batch34FrameTrackerCalculator:"
"CondensedPhysics2.py","10333","class Batch35FrameTrackerCalculator:"
"CondensedPhysics2.py","10365","class SCmPrimeMasslessFactorCalculator:"
"CondensedPhysics2.py","10409","class Benchmark2ProgressCalculator:"
"CondensedPhysics2.py","10445","class NegativeTimeUPCalculator:"
"CondensedPhysics2.py","10476","class UniversalPermanenceEquationCalculator:"
"CondensedPhysics2.py","10535","class ACEDCEFieldGeneratorCalculator:"
"CondensedPhysics2.py","10581","class NonLocalNetworkEnergyCalculator:"
"CondensedPhysics2.py","10623","class QuantumVacuumEnergyCalculator:"
"CondensedPhysics2.py","10662","class SpindleOrbPersistenceCalculator:"
"CondensedPhysics2.py","10762","class Batch35CompleteAnalysisCalculator:"
"CondensedPhysics2.py","10806","class PlasmoidDensityEvolutionCalculator:"
"CondensedPhysics2.py","10847","class CycleDynamicsCalculator:"
"CondensedPhysics2.py","10899","class Batch36FrameTrackerCalculator:"
"CondensedPhysics2.py","10933","class SpindleOrbFilamentCalculator:"
"CondensedPhysics2.py","10981","class EnergyStabilizationCalculator:"
"CondensedPhysics2.py","11035","class NonLocalJumpInferenceCalculator:"
"CondensedPhysics2.py","11085","class GoalValidationCalculator:"
"CondensedPhysics2.py","11211","class Batch32CompleteAnalysisCalculator:"
"CondensedPhysics2.py","11256","class TransitionZoneCalculator:"
"CondensedPhysics2.py","11305","class UPEquationVariableCalculator:"
"CondensedPhysics2.py","11370","class InterferenceFactorCalculator:"
"CondensedPhysics2.py","11414","class GravitationalPotentialCalculator:"
"CondensedPhysics2.py","11454","class MagneticPotentialCalculator:"
"CondensedPhysics2.py","11494","class StressEnergyTensorCalculator:"
"CondensedPhysics2.py","11535","class SpindleOrbEmergenceTrackerCalculator:"
"CondensedPhysics2.py","11645","class Batch36ProgressCalculator:"
"CondensedPhysics2.py","11700","class ExtendedSequenceCalculator:"
"CondensedPhysics2.py","11758","class ReactorRadiusCalculator:"
"CondensedPhysics2.py","11813","class PlasmoidMassEstimateCalculator:"
"CondensedPhysics2.py","11863","class BulbResonanceCalculator:"
"CondensedPhysics2.py","11910","class ThermalGradientEvolutionCalculator:"
"CondensedPhysics2.py","11962","class ReactivityEnergyDensityCalculator:"
"CondensedPhysics2.py","12015","class ComponentFocusCalculator:"
"CondensedPhysics2.py","12118","class Batch37ProgressCalculator:"
"CondensedPhysics2.py","12156","class GravitationalConstantKCalculator:"
"CondensedPhysics2.py","12185","class MagneticConstantMuCalculator:"
"CondensedPhysics2.py","12216","class TemperatureStressEnergyCalculator:"
"CondensedPhysics2.py","12254","class NonLocalityDecayCalculator:"
"CondensedPhysics2.py","12295","class QuantumStatePhaseCalculator:"
"CondensedPhysics2.py","12340","class AlternatingCurrentEffectCalculator:"
"CondensedPhysics2.py","12382","class InterferenceFactorComplexCalculator:"
"CondensedPhysics2.py","12420","class BatchAnalysisProgressCalculator:"
"CondensedPhysics2.py","12489","class GeometricFactorCalculator:"
"CondensedPhysics2.py","12555","class NonLocalPlasmoidFlowCalculator:"
"CondensedPhysics2.py","12648","class EnergyDensityDecayCalculator:"
"CondensedPhysics2.py","12716","class FrameTimestampCalculator:"
"CondensedPhysics2.py","12784","class NonLocalJumpProbabilityCalculator:"
"CondensedPhysics2.py","12850","class UniversalBackgroundDecayCalculator:"
"CondensedPhysics2.py","12910","class SuperconductiveStateQuantumCalculator:"
"CondensedPhysics2.py","12973","class NonLocalityNoiseCalculator:"
"CondensedPhysics2.py","13038","class UniversalPermanenceFullCalculator:"
"CondensedPhysics2.py","13191","class UniversalPermanenceMultiplicativeCalculator:"
"CondensedPhysics2.py","13247","class NegativeTimeParameterCalculator:"
"CondensedPhysics2.py","13286","class JumpProbabilityDetailedCalculator:"
"CondensedPhysics2.py","13341","class ExponentialDecayFactorCalculator:"
"CondensedPhysics2.py","13384","class AethericDensityScaledCalculator:"
"CondensedPhysics2.py","13429","class RedDwarfCoreAnalogCalculator:"
"CondensedPhysics2.py","13487","class H2TransitionRateCalculator:"
"CondensedPhysics2.py","13537","class MagneticReconnectionEnergyCalculator:"
"CondensedPhysics2.py","13587","class WavelessCommunicationTHzCalculator:"
"CondensedPhysics2.py","13640","class SpindleOrbThresholdCalculator:"
"CondensedPhysics2.py","13774","class BatchAnalysis39CompleteCalculator:"
"CondensedPhysics2.py","13848","class AngularVelocityFieldCalculator:"
"CondensedPhysics2.py","13893","class UPEvolutionCalculator:"
"CondensedPhysics2.py","13954","class PlasmoidGravitationalPotentialCalculator:"
"CondensedPhysics2.py","14005","class JumpAmplificationFactorCalculator:"
"CondensedPhysics2.py","14062","class CycleDynamicsOrb33Calculator:"
"CondensedPhysics2.py","14122","class ChronicleChapterTrackerCalculator:"
"CondensedPhysics2.py","14178","class StellarReferenceComparisonCalculator:"
"CondensedPhysics2.py","14265","class Batch40PartialAnalysisCalculator:"
"CondensedPhysics2.py","14425","class SCmReactorEfficiencyCalculator:"
"CondensedPhysics2.py","14491","class UniversalAetherChargeCalculator:"
"CondensedPhysics2.py","14546","class MagnetismStringDynamicsCalculator:"
"CondensedPhysics2.py","14602","class HeliosphereLiquidVolumeCalculator:"
"CondensedPhysics2.py","14663","class CelestialBuoyancyCalculator:"
"CondensedPhysics2.py","14728","class GalacticCenterRotationCalculator:"
"CondensedPhysics2.py","14799","class OrbitalPositionInterpolationCalculator:"
"CondensedPhysics2.py","14885","class QuantumSignatureSuppressionCalculator:"
"CondensedPhysics2.py","14949","class AetherFieldDensityCalculator:"
"CondensedPhysics2.py","15013","class PiCycleModulationCalculator:"
"CondensedPhysics2.py","15142","class CompressedUQFFCalculator:"
"CondensedPhysics2.py","15244","class FEnvModularCalculator:"
"CondensedPhysics2.py","15330","class RedshiftDependentHubbleCalculator:"
"CondensedPhysics2.py","15405","class ExternalGravityUg3PrimeCalculator:"
"CondensedPhysics2.py","15475","class PsiTotalWaveFunctionCalculator:"
"CondensedPhysics2.py","15558","class SystemSpecificTermsCalculator:"
"CondensedPhysics2.py","15642","class HydrogenResonanceOrb36Calculator:"
"CondensedPhysics2.py","15743","class GravitySinceBigBangCalculator:"
"CondensedPhysics2.py","15838","class MUGEUnificationCalculator:"
"CondensedPhysics2.py","15930","class ScaleRangeValidatorCalculator:"
"CondensedPhysics2.py","16090","class LagoonNebulaMUGECalculator:"
"CondensedPhysics2.py","16191","class SpiralsAndSupernovaeMUGECalculator:"
"CondensedPhysics2.py","16284","class OrionNebulaMUGECalculator:"
"CondensedPhysics2.py","16386","class SpiralArmTorqueCalculator:"
"CondensedPhysics2.py","16467","class SupernovaTermCalculator:"
"CondensedPhysics2.py","16543","class WindShockCalculator:"
"CondensedPhysics2.py","16613","class OutflowPressureCalculator:"
"CondensedPhysics2.py","16683","class UniverseDiameterEstimatorCalculator:"
"CondensedPhysics2.py","16767","class LiveImageUQFFApplicatorCalculator:"
"CondensedPhysics2.py","16978","class FokkerPlanckCRPCalculator:"
"CondensedPhysics2.py","17074","class QWave47StatisticsCalculator:"
"CondensedPhysics2.py","17157","class UQFFResonantCalculator:"
"CondensedPhysics2.py","17237","class UQFFTriadicMasterCalculator:"
"CondensedPhysics2.py","17319","class UQFFQuadraticApproximationCalculator:"
"CondensedPhysics2.py","17397","class MasterBuoyancyCalculator:"
"CondensedPhysics2.py","17476","class CRPNeutrinoSEDCalculator:"
"CondensedPhysics2.py","17559","class YeRProcessCalculator:"
"CondensedPhysics2.py","17644","class AlphaBECCalculator:"
"CondensedPhysics2.py","17730","class UQFFPredictiveAlgorithmCalculator:"
"CondensedPhysics2.py","17894","class MagnetarSystemMUGECalculator:"
"CondensedPhysics2.py","18013","class SgrAStarMUGECalculator:"
"CondensedPhysics2.py","18102","class AetherMetricCalculator:"
"CondensedPhysics2.py","18171","class HubbleParameterUCFCalculator:"
"CondensedPhysics2.py","18231","class EquationOfStateUCFCalculator:"
"CondensedPhysics2.py","18297","class LineFluxSFRCalculator:"
"CondensedPhysics2.py","18360","class InitialMassFunctionCalculator:"
"CondensedPhysics2.py","18425","class DustExtinctionCalculator:"
"CondensedPhysics2.py","18483","class DustYieldCalculator:"
"CondensedPhysics2.py","18540","class ShearMapChiSquaredCalculator:"
"CondensedPhysics2.py","18681","class TwentySixLevelPolynomialCalculator:"
"CondensedPhysics2.py","18756","class AlphaBECNuclearCalculator:"
"CondensedPhysics2.py","18825","class LENRCriticalTemperatureCalculator:"
"CondensedPhysics2.py","18895","class PonderomotiveForceCalculator:"
"CondensedPhysics2.py","18964","class TimeReversalZoneCalculator:"
"CondensedPhysics2.py","19032","class SelfSimilarQuotientCalculator:"
"CondensedPhysics2.py","19097","class RProcessAbundanceCalculator:"
"CondensedPhysics2.py","19171","class NavierStokesRelativisticJetCalculator:"
"CondensedPhysics2.py","19246","class GW170817EjectaCalculator:"
"CondensedPhysics2.py","19395","class DiPseudoMonopoleBigBangCalculator:"
"CondensedPhysics2.py","19467","class AetherCouplingMasterCalculator:"
"CondensedPhysics2.py","19532","class TriadicMasterGeometricCalculator:"
"CondensedPhysics2.py","19597","class VacuumDensityLambdaCalculator:"
"CondensedPhysics2.py","19668","class JarqueBeraQWaveCalculator:"
"CondensedPhysics2.py","19743","class NeutrinoSEDFluxCalculator:"
"CondensedPhysics2.py","19810","class UniversalInertiaTRZOrb41Calculator:"
"CondensedPhysics2.py","19877","class DiffusionCoefficientKolmogorovCalculator:"
"CondensedPhysics2.py","19935","class CosmicRayEscapeTimeCalculator:"
"CondensedPhysics2.py","19996","class MasterBuoyancyExtendedCalculator:"
"CondensedPhysics2.py","20126","class FiveDimensionalHubbleAnalogCalculator:"
"CondensedPhysics2.py","20185","class DarkEnergyEquationOfStateCalculator:"
"CondensedPhysics2.py","20245","class EmissionLineFluxIntegralCalculator:"
"CondensedPhysics2.py","20310","class InitialMassFunctionOrb42Calculator:"
"CondensedPhysics2.py","20378","class DustExtinctionAVCalculator:"
"CondensedPhysics2.py","20436","class DustYieldMetallicityCalculator:"
"CondensedPhysics2.py","20495","class ShearMapChiSquaredOrb42Calculator:"
"CondensedPhysics2.py","20565","class PredictiveODESolverCalculator:"
"CondensedPhysics2.py","20662","class NuclearPolynomialFitCalculator:"
"CondensedPhysics2.py","20734","class SgrAStarGravityCalculator:"
"CondensedPhysics2.py","20873","class RelativisticJetVelocityCalculator:"
"CondensedPhysics2.py","20932","class ReynoldsNumberTurbulenceCalculator:"
"CondensedPhysics2.py","20991","class EddingtonLuminosityCalculator:"
"CondensedPhysics2.py","21060","class SMBHGrowthRateCalculator:"
"CondensedPhysics2.py","21120","class FinalParsecProblemCalculator:"
"CondensedPhysics2.py","21191","class HeliosphereStellarAgeCorrelationCalculator:"
"CondensedPhysics2.py","21250","class BECCondensateFractionCalculator:"
"CondensedPhysics2.py","21314","class StressEnergyQuadraticCalculator:"
"CondensedPhysics2.py","21370","class JetAsymmetryRatioCalculator:"
"CondensedPhysics2.py","21434","class TwentySixLevelEnergyScaleCalculator:"
"CondensedPhysics2.py","21568","class GinzburgLandauCoherenceCalculator:"
"CondensedPhysics2.py","21634","class GluonEnergyDensityCalculator:"
"CondensedPhysics2.py","21699","class HiggsPotentialCalculator:"
"CondensedPhysics2.py","21757","class YukawaCouplingMassCalculator:"
"CondensedPhysics2.py","21821","class SSqExponentScalingCalculator:"
"CondensedPhysics2.py","21877","class TriadicGeometricMeanCalculator:"
"CondensedPhysics2.py","21940","class QWaveStatisticsCalculator:"
"CondensedPhysics2.py","22005","class DiPseudoMonopoleBirthCalculator:"
"CondensedPhysics2.py","22073","class ElectronFractionRProcessCalculator:"
"CondensedPhysics2.py","22200","class GeodeticPrecessionCalculator:"
"CondensedPhysics2.py","22257","class LenseThirringPrecessionCalculator:"
"CondensedPhysics2.py","22310","class ShapiroTimeDelayCalculator:"
"CondensedPhysics2.py","22370","class NFWDarkMatterProfileCalculator:"
"CondensedPhysics2.py","22428","class EinastoDarkMatterProfileCalculator:"
"CondensedPhysics2.py","22482","class SoundHorizonBAOCalculator:"
"CondensedPhysics2.py","22544","class SunyaevZeldovichYParameterCalculator:"
"CondensedPhysics2.py","22603","class ScramblingTimeCalculator:"
"CondensedPhysics2.py","22662","class LaneEmdenStellarStructureCalculator:"
"CondensedPhysics2.py","22783","class KerrNewmanMetricCalculator:"
"CondensedPhysics2.py","22875","class ISCOCalculator:"
"CondensedPhysics2.py","22939","class PhotonSphereCalculator:"
"CondensedPhysics2.py","23005","class ChirpMassStrainCalculator:"
"CondensedPhysics2.py","23079","class TidalDisruptionFallbackCalculator:"
"CondensedPhysics2.py","23156","class SlowRollInflationCalculator:"
"CondensedPhysics2.py","23238","class CMBPolarizationCalculator:"
"CondensedPhysics2.py","23310","class KineticSZEffectCalculator:"
"CondensedPhysics2.py","23373","class RyuTakayangiEntropyCalculator:"
"CondensedPhysics2.py","23497","class PenroseProcessCalculator:"
"CondensedPhysics2.py","23576","class SuperradianceAmplificationCalculator:"
"CondensedPhysics2.py","23658","class BlandfordZnajekPowerCalculator:"
"CondensedPhysics2.py","23737","class UnruhTemperatureCalculator:"
"CondensedPhysics2.py","23795","class SurfaceGravityCalculator:"
"CondensedPhysics2.py","23868","class CosmicStringTensionCalculator:"
"CondensedPhysics2.py","23946","class FalseVacuumDecayCalculator:"
"CondensedPhysics2.py","24027","class WignerFunctionDecoherenceCalculator:"
"CondensedPhysics2.py","24097","class EigenstateThermalizationCalculator:"
"CondensedPhysics2.py","24165","class OTOCScamblingCalculator:"
"CondensedPhysics2.py","24275","class CaduceusQuantumWaveCalculator:"
"CondensedPhysics2.py","24358","class GlobularClusterLayerCalculator:"
"CondensedPhysics2.py","24435","class DEPowerVacuumCalculator:"
"CondensedPhysics2.py","24507","class CatalyticPhaseTransformCalculator:"
"CondensedPhysics2.py","24576","class InertialOperatorEnhancedCalculator:"
"CondensedPhysics2.py","24653","class PseudoMonopoleGyroCalculator:"
"CondensedPhysics2.py","24740","class AetherFluxRootingCalculator:"
"CondensedPhysics2.py","24802","class VacuumEnergyFluctuationOrb48Calculator:"
"CondensedPhysics2.py","24871","class ZeroPointEnergyHarvestCalculator:"
"CondensedPhysics2.py","24938","class HelicalQuantumTensionCalculator:"
"CondensedPhysics2.py","25049","class UniversalMagnetismLENRCalculator:"
"CondensedPhysics2.py","25132","class NeutronProductionRateOrb49Calculator:"
"CondensedPhysics2.py","25189","class PseudoMonopoleStateOrb49Calculator:"
"CondensedPhysics2.py","25251","class AtomicCreationProcessCalculator:"
"CondensedPhysics2.py","25331","class SMAtomicQuantumGravityCalculator:"
"CondensedPhysics2.py","25393","class QuantumRippleULFCalculator:"
"CondensedPhysics2.py","25449","class Ug3ElectronTaggingCalculator:"
"CondensedPhysics2.py","25526","class VacuumEnergyCapacitanceCalculator:"
"CondensedPhysics2.py","25587","class QuantumToMassGradientCalculator:"
"CondensedPhysics2.py","25651","class DPMSummationForceCalculator:"
"CondensedPhysics2.py","25768","class UniversalSpeedRangeCalculator:"
"CondensedPhysics2.py","25840","class CosmicPhotonDecelerationCalculator:"
"CondensedPhysics2.py","25903","class ExtendedPeriodicTableCalculator:"
"CondensedPhysics2.py","25974","class RadioactiveDecayUQFFCalculator:"
"CondensedPhysics2.py","26039","class ProtoIronSiliconShellCalculator:"
"CondensedPhysics2.py","26110","class ShellFragmentOrganizationCalculator:"
"CondensedPhysics2.py","26173","class Ug4iCentralControlCalculator:"
"CondensedPhysics2.py","26241","class ThermalLensLightBendingCalculator:"
"CondensedPhysics2.py","26309","class GalacticRedBlueShiftCalculator:"
"CondensedPhysics2.py","26383","class QuantumPIMathCalculator:"
"CondensedPhysics2.py","26487","class NeutronCalibrationConstantCalculator:"
"CondensedPhysics2.py","26563","class CyclotronFrequencyOrb51Calculator:"
"CondensedPhysics2.py","26634","class SSqQuantumStateCalculator:"
"CondensedPhysics2.py","26707","class HiggsUIAOOperatorCalculator:"
"CondensedPhysics2.py","26869","class HeavyWaterElectrolysisCalculator:"
"CondensedPhysics2.py","26934","class UltrasonicCavitationCalculator:"
"CondensedPhysics2.py","27004","class AmericiumAlphaIonizationCalculator:"
"CondensedPhysics2.py","27076","class IsotopicKineticEnrichmentCalculator:"
"CondensedPhysics2.py","27141","class OxyhydrogenImplosionCalculator:"
"CondensedPhysics2.py","27221","class DeuteratedEthanolCalculator:"
"CondensedPhysics2.py","27297","class SonoElectrochemistryCalculator:"
"CondensedPhysics2.py","27359","class PWMElectrolysisEnergyCalculator:"
"CondensedPhysics2.py","27429","class HydrogenStoragePressureCalculator:"
"CondensedPhysics2.py","27518","class PolyolCombustionCalculator:"
"CondensedPhysics2.py","27720","class PolyolMolecularFormulaCalculator:"
"CondensedPhysics2.py","27772","class WaterFormationEnthalpyCalculator:"
"CondensedPhysics2.py","27806","class AlcoholCombustionEnthalpyCalculator:"
"CondensedPhysics2.py","27862","class IsotopicBoilingPointCalculator:"
"CondensedPhysics2.py","27910","class Am241DecayEnergyCalculator:"
"CondensedPhysics2.py","27961","class WaterRadiolysisCalculator:"
"CondensedPhysics2.py","28014","class IdealGasCompressedStorageCalculator:"
"CondensedPhysics2.py","28057","class UltrasonicNebulizationCalculator:"
"CondensedPhysics2.py","28100","class SonochemistryRadicalYieldCalculator:"
"CondensedPhysics2.py","28150","class D2OEnrichmentFactorCalculator:"
"CondensedPhysics2.py","28203","class ElectrolysisGibbsEnergyCalculator:"
"CondensedPhysics2.py","28259","class HeavyWaterDensityCalculator:"
"CondensedPhysics2.py","28378","class StringDimensionAlgebraCalculator:"
"CondensedPhysics2.py","28452","class PiSeriesAccelerationCalculator:"
"CondensedPhysics2.py","28522","class DPMResonanceFactorCalculator:"
"CondensedPhysics2.py","28579","class VacuumEnergyDifferentialCalculator:"
"CondensedPhysics2.py","28634","class LandeGFactorCalculator:"
"CondensedPhysics2.py","28697","class OrbitalAngularMomentumCalculator:"
"CondensedPhysics2.py","28757","class MagneticDipoleMomentCalculator:"
"CondensedPhysics2.py","28819","class SpaceImpedanceCalculator:"
"CondensedPhysics2.py","28895","class LarmorPrecessionCalculator:"
"CondensedPhysics2.py","28956","class UQFFPlasmaConvectionCalculator:"
"CondensedPhysics2.py","29026","class QuantumCoherenceIntegralCalculator:"
"CondensedPhysics2.py","29095","class CharacteristicPolynomialCalculator:"
"CondensedPhysics2.py","29265","class FUBiiIntegralCalculator:"
"CondensedPhysics2.py","29384","class NeutronCaptureRateCalculator:"
"CondensedPhysics2.py","29474","class NeutrinoPolarizabilityCalculator:"
"CondensedPhysics2.py","29524","class UQFFUniverseDiameterCalculator:"
"CondensedPhysics2.py","29585","class SpiralTorqueCalculator:"
"CondensedPhysics2.py","29633","class UQFFSupernovaFeedbackCalculator:"
"CondensedPhysics2.py","29682","class StellarWindShockCalculator:"
"CondensedPhysics2.py","29750","class OutflowRamPressureCalculator:"
"CondensedPhysics2.py","29801","class RadiationErosionCalculator:"
"CondensedPhysics2.py","29849","class HydrogenResonanceShellCalculator:"
"CondensedPhysics2.py","29938","class TidalRingEffectCalculator:"
"CondensedPhysics2.py","29993","class DustLaneAttenuationCalculator:"
"CondensedPhysics2.py","30124","class DPMDualismCalculator:"
"CondensedPhysics2.py","30179","class DepletionFactorCalculator:"
"CondensedPhysics2.py","30234","class PolarityGenerationsCalculator:"
"CondensedPhysics2.py","30295","class BubbleShatteringCalculator:"
"CondensedPhysics2.py","30352","class HawkingSpinOffCalculator:"
"CondensedPhysics2.py","30407","class GravityProjectionShapeCalculator:"
"CondensedPhysics2.py","30486","class ChaosCoherenceCalculator:"
"CondensedPhysics2.py","30556","class SweetVacuumEnergyCalculator:"
"CondensedPhysics2.py","30617","class PrecessionalResonanceCalculator:"
"CondensedPhysics2.py","30672","class PlasmaConvectionCalculator:"
"CondensedPhysics2.py","30725","class PhotonLatticeProjectionCalculator:"
"CondensedPhysics2.py","30778","class ShadowTearingCalculator:"
"CondensedPhysics2.py","30870","class NewtonSecondLawCalculator:"
"CondensedPhysics2.py","30924","class EinsteinMassEnergyCalculator:"
"CondensedPhysics2.py","30978","class KinematicMotionCalculator:"
"CondensedPhysics2.py","31052","class GravitationalForceCalculator:"
"CondensedPhysics2.py","31106","class KineticEnergyCalculator:"
"CondensedPhysics2.py","31163","class PotentialEnergyCalculator:"
"CondensedPhysics2.py","31219","class MomentumCalculator:"
"CondensedPhysics2.py","31283","class AngularFrequencyCalculator:"
"CondensedPhysics2.py","31337","class WavelengthCalculator:"
"CondensedPhysics2.py","31388","class ElectricalPowerCalculator:"
"CondensedPhysics2.py","31450","class PhotonEnergyCalculator:"
"CondensedPhysics2.py","31515","class ParametricMotionCalculator:"
"CondensedPhysics2.py","31573","class NewtonRaphsonSolverCalculator:"
"CondensedPhysics2.py","31650","class UnitConversionCalculator:"
"CondensedPhysics2.py","31717","class ErrorPropagationCalculator:"
"CondensedPhysics2.py","31842","class CircleAreaCalculator:"
"CondensedPhysics2.py","31876","class SphereVolumeCalculator:"
"CondensedPhysics2.py","31908","class PythagoreanTheoremCalculator:"
"CondensedPhysics2.py","31946","class TriangleAreaCalculator:"
"CondensedPhysics2.py","31995","class CylinderVolumeCalculator:"
"CondensedPhysics2.py","32031","class QuadraticFormulaCalculator:"
"CondensedPhysics2.py","32084","class VelocityTimeRelationCalculator:"
"CondensedPhysics2.py","32118","class SUVATEquationCalculator:"
"CondensedPhysics2.py","32163","class MomentumForceCalculator:"
"CondensedPhysics2.py","32219","class PowerIntegrationCalculator:"
"CondensedPhysics2.py","32277","class TaylorSeriesCalculator:"
"CondensedPhysics2.py","32352","class RungeKuttaSolverCalculator:"
"CondensedPhysics2.py","32441","class LinearRegressionCalculator:"
"CondensedPhysics2.py","32508","class DimensionalAnalysisOrb58Calculator:"
"CondensedPhysics2.py","32576","class ConeVolumeCalculator:"
"CondensedPhysics2.py","32613","class TrigIdentityCalculator:"
"CondensedPhysics2.py","32725","class ErrorPropagationFormulasCalculator:"
"CondensedPhysics2.py","32825","class NewtonRaphsonCalculator:"
"CondensedPhysics2.py","32953","class UniversalInertiaOrb60Calculator:"
"CondensedPhysics2.py","33025","class UniversalTimeCalculator:"
"CondensedPhysics2.py","33082","class UnifiedFieldCalculator:"
"CondensedPhysics2.py","33150","class AetherCouplingCalculator:"
"CondensedPhysics2.py","33202","class BackgroundMetricCalculator:"
"CondensedPhysics2.py","33249","class BuoyancyCouplingCalculator:"
"CondensedPhysics2.py","33288","class BuoyancyModulationCalculator:"
"CondensedPhysics2.py","33330","class FinalParsecCalculator:"
"CondensedPhysics2.py","33382","class MergerTimescaleCalculator:"
"CondensedPhysics2.py","33437","class MetalRetentionCalculator:"
"CondensedPhysics2.py","33486","class CGMBaryonCalculator:"
"CondensedPhysics2.py","33525","class CGMMetalGradientCalculator:"
"CondensedPhysics2.py","33575","class ZetaPiWaveCalculator:"
"CondensedPhysics2.py","33626","class SchwarzschildProtonCalculator:"
"CondensedPhysics2.py","33686","class HiggsStabilityCalculator:"
"CondensedPhysics2.py","33731","class UgCouplingCalculator:"
"CondensedPhysics2.py","33775","class FeedbackFactorCalculator:"
"CondensedPhysics2.py","33818","class GalacticDistanceCalculator:"
"CondensedPhysics2.py","33863","class StringDistanceCalculator:"
"CondensedPhysics2.py","34023","class Ug1MagneticDipoleCalculator:"
"CondensedPhysics2.py","34071","class Ug2ChargeReactivityCalculator:"
"CondensedPhysics2.py","34115","class Ug3StringRotationCalculator:"
"CondensedPhysics2.py","34168","class Ug4VacuumConcentrationCalculator:"
"CondensedPhysics2.py","34217","class UniversalBuoyancyCalculator:"
"CondensedPhysics2.py","34267","class UniversalMagnetismOrb61Calculator:"
"CondensedPhysics2.py","34315","class DEPowerTransformCalculator:"
"CondensedPhysics2.py","34356","class TimeReversalZoneDynamicCalculator:"
"CondensedPhysics2.py","34402","class NegativeTimeOrb61Calculator:"
"CondensedPhysics2.py","34445","class PiCycleEncoderCalculator:"
"CondensedPhysics2.py","34495","class PlasmaOrbMassCalculator:"
"CondensedPhysics2.py","34540","class ReactorEfficiencyOrb61Calculator:"
"CondensedPhysics2.py","34588","class BioQuantumResonanceCalculator:"
"CondensedPhysics2.py","34639","class QuantumLevel26Calculator:"
"CondensedPhysics2.py","34690","class VacuumDensityFieldCalculator:"
"CondensedPhysics2.py","34738","class VacuumStressEnergyTensorCalculator:"
"CondensedPhysics2.py","34787","class SymbolicIntegratorCalculator:"
"CondensedPhysics2.py","34850","class NumericalNewtonSolverCalculator:"
"CondensedPhysics2.py","34896","class CategoryFunctorOrb61Calculator:"
"CondensedPhysics2.py","34978","class PiEncodingCalculator:"
"CondensedPhysics2.py","35068","class PiDigitPatternCalculator:"
"CondensedPhysics2.py","35140","class Polynomial26RootCalculator:"
"CondensedPhysics2.py","35274","class SIMDVacuumDensityCalculator:"
"CondensedPhysics2.py","35355","class MIPSOpcodePhysicsCalculator:"
"CondensedPhysics2.py","35415","class X86VectorOpCalculator:"
"CondensedPhysics2.py","35500","class AssemblyDisassemblyCalculator:"
"CondensedPhysics2.py","35620","class SIDimensionalAnalysisCalculator:"
"CondensedPhysics2.py","35625","    Based on Units class from ScientificCalculatorDialog."
"CondensedPhysics2.py","35747","class QuTiPQuantumStateCalculator:"
"CondensedPhysics2.py","35872","class AstropyEphemerisCalculator:"
"CondensedPhysics2.py","36032","class DistributedNewtonSolverCalculator:"
"CondensedPhysics2.py","36265","class PerlinNoiseCalculator:"
"CondensedPhysics2.py","36576","# Update class count"
"CondensedPhysics2.py","37538","class NavierStokesUQFFRegularizationCalculator:"
"CondensedPhysics2.py","37709","class YangMillsMassGapCalculator:"
"CondensedPhysics2.py","37924","class RiemannHypothesisCosmicCorrelationCalculator:"
"CondensedPhysics2.py","38227","class SystemParamsDeed728bCalculator:"
"CondensedPhysics2.py","38520","class UnifiedFieldSimulatorCalculator:"
"CondensedPhysics2.py","38623","class QuantumAtomSimulatorCalculator:"
"CondensedPhysics2.py","38706","class PiSolfeggioHarmonicsCalculator:"
"CondensedPhysics2.py","38778","class PlasmoidDynamicsCalculator:"
"CondensedPhysics2.py","38877","class StarSystemTableCalculator:"
"CondensedPhysics2.py","38882","        Red Dwarf   ? M-class main sequence"
"CondensedPhysics2.py","38981","class RedDwarfPlasmaAccumulatorCalculator:"
"CondensedPhysics2.py","39053","class UnifiedFieldTimeSeriesCalculator:"
"CondensedPhysics2.py","39189","class ReactorEnergyS6Calculator:"
"CondensedPhysics2.py","39241","class DimensionalAnalysisS8Calculator:"
"CondensedPhysics2.py","39276","class QAOAOptimizationS8Calculator:"
"CondensedPhysics2.py","39314","class CategoryFunctorS8Calculator:"
"CondensedPhysics2.py","39344","class LLVMJITCompilerS8Calculator:"
"CondensedPhysics2.py","39377","class FederatedLearningS8Calculator:"
"CondensedPhysics2.py","39418","class NeuralSymbolicEvalS8Calculator:"
"CondensedPhysics2.py","39458","class NeuromorphicAcceleratorS8Calculator:"
"CondensedPhysics2.py","39492","class BlockchainECDSAS8Calculator:"
"CondensedPhysics2.py","39526","class OperationalTransformS8Calculator:"
"CondensedPhysics2.py","39564","class MPIDistributedS8Calculator:"
"CondensedPhysics2.py","39690","class Ug1SolarDipoleCycleCalculator:"
"CondensedPhysics2.py","39757","class Ug2StellarBubbleCalculator:"
"CondensedPhysics2.py","39815","class Ug3MagneticDiskFullCalculator:"
"CondensedPhysics2.py","39871","class Ug4SMBHVacuumInteractionCalculator:"
"CondensedPhysics2.py","39942","class SolarFUAssemblyCalculator:"
"CondensedPhysics2.py","40019","class InflationForceCoreCalculator:"
"CondensedPhysics2.py","40080","class SCmEpochStateCalculator:"
"CondensedPhysics2.py","40183","class SolarWindVacuumDensityCalculator:"
"CondensedPhysics2.py","40233","class KiNormalizedSolarCalculator:"
"CondensedPhysics2.py","40289","class SolarAetherStressTensorCalculator:"
"CondensedPhysics2.py","40421","class ReactorEfficiencyUQFFCanonicalCalculator:"
"CondensedPhysics2.py","40461","class FUPiNegativeTimeCanonicalCalculator:"
"CondensedPhysics2.py","40549","class QuasarJetNavierStokesCalculator:"
"CondensedPhysics2.py","40607","class PlanetaryCoreHamiltonianCalculator:"
"CondensedPhysics2.py","40661","class StellarAgeHelioCorrelationCalculator:"
"CondensedPhysics2.py","40710","class DifferentialRotationDiskCalculator:"
"CondensedPhysics2.py","40769","class SCmDipoleAmplifiedCalculator:"
"CondensedPhysics2.py","40784","    This class adds the B_SCm = 1000 T undetectable superconductive field."
"CondensedPhysics2.py","40833","class YangMillsStringSpectrumCalculator:"
"CondensedPhysics2.py","40960","class SCmDerivativeHierarchyCalculator:"
"CondensedPhysics2.py","41042","class Ug2SolarWindTransmutationCalculator:"
"CondensedPhysics2.py","41118","class Ug4GalacticNonInteractiveCalculator:"
"CondensedPhysics2.py","41197","class SolarCycleCoupledFUCalculator:"
"CondensedPhysics2.py","41310","class FrozenPlanetSolarWindCalculator:"
"CondensedPhysics2.py","41435","class HUDFGalaxiesFUBiICalculator:"
"CondensedPhysics2.py","41517","        # Buoyancy sign: HUDF omega_0=1e-12 (same equiv class as SN1006+Kepler)"
"CondensedPhysics2.py","41528","                f""Force Equiv Class match (omega_0=1e-12): {equiv_class_match}"","
"CondensedPhysics2.py","41557","class NGC1792StarburstFUBiCalculator:"
"CondensedPhysics2.py","41673","class Source10CatalogueFUBiCalculator:"
"CondensedPhysics2.py","41814","class AndromedaUQFFGravityCalculator:"
"CondensedPhysics2.py","41953","class SombreroUQFFGravityCalculator:"
"CondensedPhysics2.py","42110","class SaturnUQFFGravityCalculator:"
"CondensedPhysics2.py","42262","class M16UQFFGravityCalculator:"
"CondensedPhysics2.py","42383","class ResonanceSCUQFFGravityCalculator:"
"CondensedPhysics2.py","42480","class CrabResonanceUQFFGravityCalculator:"
"CondensedPhysics2.py","42605","class CompressedResonanceUQFF24GravityCalculator:"
"CondensedPhysics2.py","42728","class UniverseDiameterUQFFGravityCalculator:"
"CondensedPhysics2.py","42882","class HydrogenAtomUQFFGravityCalculator:"
"CondensedPhysics2.py","43012","class HydrogenPToEResonanceUQFFCalculator:"
"CondensedPhysics2.py","43102","class LagoonNebulaUQFFHIIRegionCalculator:"
"CondensedPhysics2.py","43196","class SpiralSupernovaeUQFFGalacticCalculator:"
"CondensedPhysics2.py","43326","            'system':             'Milky-Way class spiral + SN Ia probe ? 30th C++ module, FIRST Spiral+SN Ia',"
"CondensedPhysics2.py","43331","class NGC6302UQFFBipolarPNCalculator:"
"CondensedPhysics2.py","43443","class NGC6302ResonanceUQFFCalculator:"
"CondensedPhysics2.py","43525","class OrionUQFFHIIRegionCalculator:"
"CondensedPhysics2.py","43673","class CompressedResonanceUQFF34MultiSystemCalculator:"
"CondensedPhysics2.py","43736","class CompressedResonanceUQFF34bMultiSystemCalculator:"
"CondensedPhysics2.py","43792","class GrokThread31b5c807TriadicSystemsCalculator:"
"CondensedPhysics2.py","43832","class GrokThread31b5c807DeepReanalysisCalculator:"
"CondensedPhysics2.py","43927","class Ug4VacuumMediatedCalculator:"
"CondensedPhysics2.py","43988","class AGNFeedbackFactorCalculator:"
"CondensedPhysics2.py","44055","class InflationEpochStructureCalculator:"
"CondensedPhysics2.py","44128","class DiPseudoMonopoleOriginCalculator:"
"CondensedPhysics2.py","44217","class VacuumEnergyComponentDensityCalculator:"
"CondensedPhysics2.py","44345","class ShapiroWilkQWaveNormalityCalculator:"
"CondensedPhysics2.py","44440","class RotorMolecularCrossSectionCalculator:"
"CondensedPhysics2.py","44517","class DPMTHzFrequencyMUGECalculator:"
"CondensedPhysics2.py","44621","class BoseEinsteinAlphaClusteringCalculator:"
"CondensedPhysics2.py","44693","class SuperconductiveComplexUiDensityCalculator:"
"CondensedPhysics2.py","44820","class NuclearBindingLadderValidator:"
"CondensedPhysics2.py","44942","class JCAPDarkMatterVacuumValidator:"
"CondensedPhysics2.py","45046","class UQFFUg4AGNFeedbackCalculator:"
"CondensedPhysics2.py","45091","class UQFFSolarCycleOmegaCalculator:"
"CondensedPhysics2.py","45132","class UQFFRelativisticSCmJetCalculator:"
"CondensedPhysics2.py","45170","class SolarWindUbiModulatorCalculator:"
"CondensedPhysics2.py","45221","class CoAnQiCelestialBodyFUCalculator:"
"CondensedPhysics2.py","45320","class CoAnQiModularCompressedMUGECalculator:"
"CondensedPhysics2.py","45382","class CoAnQiModularResonanceMUGECalculator:"
"CondensedPhysics2.py","45447","class CoAnQi26LevelEnergyDensityCalculator:"
"CondensedPhysics2.py","45491","class CoAnQiQuasarJetFluidCalculator:"
"CondensedPhysics2.py","45557","class CoAnQiUQFFVariableReferenceCalculator:"
"CondensedPhysics2.py","45573","class CoAnQiYangMillsHamiltonianCalculator:"
"CondensedPhysics2.py","45588","class CoAnQiQuasarNegativeTimeFluidCalculator:"
"CondensedPhysics2.py","45602","class CoAnQiPiCycleRiemannCalculator:"
"CondensedPhysics2.py","45617","class CoAnQiSolarSystemReferenceCalculator:"
"CondensedPhysics2.py","45645","class CoAnQiCanonicalMUGESystemCatalogCalculator:"
"CondensedPhysics2.py","45668","class CoAnQiSymbolicIntegrationCalculator:"
"CondensedPhysics2.py","45692","class CoAnQiODEIntegrationCalculator:"
"CondensedPhysics2.py","45706","class CoAnQiAntlr4UnitCalculator:"
"CondensedPhysics2.py","45726","class CoAnQiCollaborativeMathProtocolCalculator:"
"CondensedPhysics2.py","45739","class CoAnQiDataLoaderFrameworkCalculator:"
"CondensedPhysics2.py","45754","class CoAnQiReactorEfficiencyCalculator:"
"CondensedPhysics2.py","45794","class UQFFBuoyancyAstroCalculator:"
"CondensedPhysics2.py","45814","class CoAnQiUQFFVariableReferenceCalculator:"
"CondensedPhysics2.py","45830","class CoAnQiYangMillsHamiltonianCalculator:"
"CondensedPhysics2.py","45845","class CoAnQiQuasarNegativeTimeFluidCalculator:"
"CondensedPhysics2.py","45859","class CoAnQiPiCycleRiemannCalculator:"
"CondensedPhysics2.py","45874","class CoAnQiSolarSystemReferenceCalculator:"
"CondensedPhysics2.py","45902","class CoAnQiCanonicalMUGESystemCatalogCalculator:"
"CondensedPhysics2.py","45925","class CoAnQiSymbolicIntegrationCalculator:"
"CondensedPhysics2.py","45949","class CoAnQiODEIntegrationCalculator:"
"CondensedPhysics2.py","45963","class CoAnQiAntlr4UnitCalculator:"
"CondensedPhysics2.py","45983","class CoAnQiCollaborativeMathProtocolCalculator:"
"CondensedPhysics2.py","45996","class CoAnQiDataLoaderFrameworkCalculator:"
"CondensedPhysics2.py","46028","class UQFFBuoyancyAstroCalculator:"
"CondensedPhysics2.py","46044","class UQFFBuoyancyCNBCalculator:"
"CondensedPhysics2.py","46074","class IndividualSystemUQFF18Calculator:"
"CondensedPhysics2.py","46115","class MultiSystemUQFFCompilerCalculator:"
"CondensedPhysics2.py","46156","class HydrogenResonanceUQFFCalculator:"
"CondensedPhysics2.py","46231","class MUGECompressedNineTermCalculator:"
"CondensedPhysics2.py","46304","class MUGEResonanceThirteenModeCalculator:"
"CondensedPhysics2.py","46379","class UniversalFieldDecompositionCalculator:"
"CondensedPhysics2.py","46440","class BSMParticleObservablesCalculator:"
"CondensedPhysics2.py","46507","class CosmicEggDensityCalculator:"
"CondensedPhysics2.py","46555","class WolframFoldingFactorCalculator:"
"CondensedPhysics2.py","46605","class PreFertilizationEnergyCalculator:"
"CondensedPhysics2.py","46675","class SCmEggDispersalWaveCalculator:"
"CondensedPhysics2.py","46726","class EggProliferatedHubbleCalculator:"
"CondensedPhysics2.py","46791","class DPMFullFormulationCalculator:"
"CondensedPhysics2.py","46852","class TwentySixDProjectionCalculator:"
"CondensedPhysics2.py","46908","class ThreeDIPOCalculator:"
"CondensedPhysics2.py","46974","class HiggsInertialGradientCalculator:"
"CondensedPhysics2.py","47042","class ProtoHydrogen26ShellCalculator:"
"CondensedPhysics2.py","47110","class BBDTFeynmanClusterCalculator:"
"CondensedPhysics2.py","47205","class PIInfinityDecoderCalculator_84A767D3:"
"CondensedPhysics2.py","47243","class WolframFieldUnityCalculator_84A767D3:"
"CondensedPhysics2.py","47274","class SacredTimePhaseCalculator_84A767D3:"
"CondensedPhysics2.py","47316","class HypergraphDimensionCalculator_84A767D3:"
"CondensedPhysics2.py","47346","class BuoyantGravityHypergraphCalculator_84A767D3:"
"CondensedPhysics2.py","47370","class WSTPBridgeValidationCalculator_84A767D3:"
"CondensedPhysics2.py","47477","class GW150914PCRCalculator:"
"CondensedPhysics2.py","47506","class PSRJ0437SacredOrbitCalculator:"
"CondensedPhysics2.py","47545","class EtaCarinaBuoyantPCRCalculator:"
"CondensedPhysics2.py","47584","class NGC1277HypergraphDimCalculator:"
"CondensedPhysics2.py","47617","class TON618SacredPhaseCalculator:"
"CondensedPhysics2.py","47651","class TXS0506PICoSumCalculator:"
"CondensedPhysics2.py","47709","class NSHypergraphDiscreteRegularityCalculator:"
"CondensedPhysics2.py","47809","class YMDPMGaugeFieldMassGapProofCalculator:"
"CondensedPhysics2.py","47940","class Session142MillenniumEquationsHubCalculator:"
"CondensedPhysics2.py","48043","class YangMillsDPMQuantizationHubCalculator:"
"CondensedPhysics2.py","48154","class PvsNPUQFFComplexityCalculator:"
"CondensedPhysics2.py","48246","                'Complexity class layer assignments (1?26)',"
"CondensedPhysics2.py","48257","class BirchSwinnertonDyerUQFFCalculator:"
"CondensedPhysics2.py","48362","class HodgeUQFFAlgebraicCycleCalculator:"
"CondensedPhysics2.py","48391","            'description': f""All 26 Hodge class ratios E_n/E_0 = 10^(n-1) ? ?"""
"CondensedPhysics2.py","48463","class FUBi26thGaussianTruncatedPolynomialBoundCalculator:"
"CondensedPhysics2.py","48579","class MillenniumPrizeUQFFHubCalculator:"
"CondensedPhysics3.py","20","  - No named system classes (e.g., no class NGC3596Model)"
"CondensedPhysics3.py","84","class _CP3Calculator:"
"CondensedPhysics3.py","85","    """"""Base class for all CP3 stateless calculators."""""""
"CondensedPhysics3.py","107","class SolarWindBubbleVerificationCalculator(_CP3Calculator):"
"CondensedPhysics3.py","154","class HeliopausalBoundaryStepFunctionCalculator(_CP3Calculator):"
"CondensedPhysics3.py","194","class StellarClusterUg3DiskTurbulenceCalculator(_CP3Calculator):"
"CondensedPhysics3.py","238","class StellarUg1DipoleDefectCalculator(_CP3Calculator):"
"CondensedPhysics3.py","280","class ExoplanetAtmosphericMassLossUbCalculator(_CP3Calculator):"
"CondensedPhysics3.py","333","class PlanetaryCoreUg3PenetrationScalingCalculator(_CP3Calculator):"
"CondensedPhysics3.py","378","class WhiteDwarfUQFFGravitationalDecayCalculator(_CP3Calculator):"
"CondensedPhysics3.py","429","class WhiteDwarfDegenerateElectronUiCalculator(_CP3Calculator):"
"CondensedPhysics3.py","465","class KilonovaTransientQWaveParameterCalculator(_CP3Calculator):"
"CondensedPhysics3.py","515","class SupernovaProgenitorNegativeTimeZoneCalculator(_CP3Calculator):"
"CondensedPhysics3.py","566","class NeutronStarCRPIceCubeFluxVerificationCalculator(_CP3Calculator):"
"CondensedPhysics3.py","619","class NeutronStarMergerUbOutflowF_UCalculator(_CP3Calculator):"
"CondensedPhysics3.py","674","class BlackHoleJetFluidAsymmetryRatioCalculator(_CP3Calculator):"
"CondensedPhysics3.py","679","    Application: RACS J0320-35-class quasars growing at >Eddington"
"CondensedPhysics3.py","734","class BlackHoleUg4GalacticFeedbackCalculator(_CP3Calculator):"
"CondensedPhysics3.py","780","class GaiaSgrADistanceErrorAnalysisCalculator(_CP3Calculator):"
"CondensedPhysics3.py","825","class QuasarBlazerLuminosityEreactVerificationCalculator(_CP3Calculator):"
"CondensedPhysics3.py","877","class GalacticCenterUg4KappaDecayCalibrationCalculator(_CP3Calculator):"
"CondensedPhysics3.py","924","class MilkyWayGalacticSpinUb_iCouplingCalculator(_CP3Calculator):"
"CondensedPhysics3.py","968","class GalaxyIMFNucleosynthesisIndexCalculator(_CP3Calculator):"
"CondensedPhysics3.py","1019","class GalaxyEquationOfStateUCFCalculator(_CP3Calculator):"
"CondensedPhysics3.py","1064","class QuasarJetAsymmetryCosRatioCalculator(_CP3Calculator):"
"CondensedPhysics3.py","1112","class QuasarEddingtonExcessJetVelocityCalculator(_CP3Calculator):"
"CondensedPhysics3.py","1165","class GalaxyClusterPSZ2UmTurbulenceCalculator(_CP3Calculator):"
"CondensedPhysics3.py","1167","    Computes Um turbulence signature for PSZ2-class galaxy clusters."
"CondensedPhysics3.py","1214","class GalaxyClusterPLCKDoubleRelicShearCalculator(_CP3Calculator):"
"CondensedPhysics3.py","1216","    Shear map analysis for PLCK G287-class double-relic galaxy clusters."
"CondensedPhysics3.py","1262","class TwentySixLevelPolynomialHierarchyFullCalculator(_CP3Calculator):"
"CondensedPhysics3.py","1316","class CosmologicalLineFluximeSFRIntegralCalculator(_CP3Calculator):"
"CondensedPhysics3.py","1373","class PDGNuclearPolynomialFitVerificationCalculator(_CP3Calculator):"
"CondensedPhysics3.py","1431","class DeepFieldShearDeltaTauConstraintCalculator(_CP3Calculator):"
"CondensedPhysics3.py","1481","class HighRedshiftJWSTQWaveDeepFieldCalculator(_CP3Calculator):"
"CondensedPhysics3.py","1525","class DeepFieldG359ShearNISPConstraintCalculator(_CP3Calculator):"
"CondensedPhysics3.py","1572","class QScopeFrequencyResonanceUQFFCalculator(_CP3Calculator):"
"CondensedPhysics3.py","1634","class ATLASLHCQuarkEnergyLowNLevelCalculator(_CP3Calculator):"
"CondensedPhysics3.py","1690","class VacuumEnergyComponentRatioCalculator(_CP3Calculator):"
"CondensedPhysics3.py","1741","class SolarSystemFUValidatorCalculator(_CP3Calculator):"
"CondensedPhysics3.py","1787","class HybridMUGEBlendingCalculator(_CP3Calculator):"
"CondensedPhysics3.py","1824","class WormholeMUGE13thTermCalculator(_CP3Calculator):"
"CondensedPhysics3.py","1860","class J1610QuasarRelativisticSCmCalculator(_CP3Calculator):"
"CondensedPhysics3.py","1898","class StressEnergyAMunuCouplingCalculator(_CP3Calculator):"
"CondensedPhysics3.py","1934","class GW231123MassGapUQFFCalculator(_CP3Calculator):"
"CondensedPhysics3.py","1979","class HighEnergyDatasetValidationCalculator(_CP3Calculator):"
"CondensedPhysics3.py","2027","class UQFFIPCChainStatusCalculator(_CP3Calculator):"
"CondensedPhysics3.py","2031","    This class is the canonical IPC chain connector for CondensedPhysics3.py."
"CondensedPhysics3.py","2080","class CoAnQiCelestialBodyFUCalculator(_CP3Calculator):"
"CondensedPhysics3.py","2123","class CoAnQiModularCompressedMUGECalculator(_CP3Calculator):"
"CondensedPhysics3.py","2164","class CoAnQiModularResonanceMUGECalculator(_CP3Calculator):"
"CondensedPhysics3.py","2207","class CoAnQi26LevelEnergyDensityCalculator(_CP3Calculator):"
"CondensedPhysics3.py","2247","class CoAnQiQuasarJetFluidCalculator(_CP3Calculator):"
"CondensedPhysics3.py","2287","class CoAnQiArchitectureCalculator(_CP3Calculator):"
"CondensedPhysics3.py","2322","class DiPseudoMonopoleDPMTheoryCalculator(_CP3Calculator):"
"CondensedPhysics3.py","2371","class TriadicMasterEquationCalculator(_CP3Calculator):"
"CondensedPhysics3.py","2408","class FUBiiExtendedIntegralCalculator(_CP3Calculator):"
"CondensedPhysics3.py","2446","class FUBiiTaxonomyCompactObjectCalculator(_CP3Calculator):"
"CondensedPhysics3.py","2487","class FUBiiTaxonomyCosmologicalCalculator(_CP3Calculator):"
"CondensedPhysics3.py","2526","class UmUniversalMagnetismTaxonomyCalculator(_CP3Calculator):"
"CondensedPhysics3.py","2569","class UQFFGravitationalWaveChirpQNMCalculator(_CP3Calculator):"
"CondensedPhysics3.py","2608","class UQFFReionizationBBNCalculator(_CP3Calculator):"
"CondensedPhysics3.py","2649","class UQFFCMBStructureGrowthCalculator(_CP3Calculator):"
"CondensedPhysics3.py","2688","class UQFFDarkMatterNFWSIDMCalculator(_CP3Calculator):"
"CondensedPhysics3.py","2731","class RamanujanPolynomialsQ26Calculator(_CP3Calculator):"
"CondensedPhysics3.py","2773","class MagnetarVortexAvalancheCalculator(_CP3Calculator):"
"CondensedPhysics3.py","2816","class QuTiPQuantumEntanglementCalculator(_CP3Calculator):"
"CondensedPhysics3.py","2860","class UQFFVariableCalibrationCalculator(_CP3Calculator):"
"CondensedPhysics3.py","2900","class UQFFvsLambdaCDMComparisonCalculator(_CP3Calculator):"
"CondensedPhysics3.py","2944","class UQFFvsMONDComparisonCalculator(_CP3Calculator):"
"CondensedPhysics3.py","2988","class UQFF99SystemCompressionCalculator(_CP3Calculator):"
"CondensedPhysics3.py","3026","class UQFF48ScaleMolecularRotorCIACalculator(_CP3Calculator):"
"CondensedPhysics3.py","3065","class HResDUniverseMasterCalculator(_CP3Calculator):"
"CondensedPhysics3.py","3107","class MHDClustersJetsAccretionCalculator(_CP3Calculator):"
"CondensedPhysics3.py","3151","class CosmicRaysWHIMFermiCalculator(_CP3Calculator):"
"CondensedPhysics3.py","3207","class UQFFCompressedFriedmannCalculator(_CP3Calculator):"
"CondensedPhysics3.py","3276","class UQFFMultiFactorEvolutionMergerCalculator(_CP3Calculator):"
"CondensedPhysics3.py","3333","class UQFFVelocityStarFormationCollisionCalculator(_CP3Calculator):"
"CondensedPhysics3.py","3388","class UQFFSupernovaFeedbackMassLossCalculator(_CP3Calculator):"
"CondensedPhysics3.py","3450","class HydrogenNuclearShellResonanceCalculator(_CP3Calculator):"
"CondensedPhysics3.py","3522","class UQFFUniverseDiameterEstimationCalculator(_CP3Calculator):"
"CondensedPhysics3.py","3577","class TriadicSSqFeedbackEnhancedCalculator(_CP3Calculator):"
"CondensedPhysics3.py","3653","class DPMHarmonicBuoyancySeriesCalculator(_CP3Calculator):"
"CondensedPhysics3.py","3735","class DipoleVortexPrimeEncodingCalculator(_CP3Calculator):"
"CondensedPhysics3.py","3817","class UQFFRelativisticHierarchyDecayIntegralCalculator(_CP3Calculator):"
"CondensedPhysics3.py","3890","class SgrAStarSpinDragUQFFCalculator(_CP3Calculator):"
"CondensedPhysics3.py","3893","    Unique equation from Document 3 (NOT in any SgrA* class in CP1/CP2):"
"CondensedPhysics3.py","3958","class UQFFLensingModulationRingsCalculator(_CP3Calculator):"
"CondensedPhysics3.py","4023","class HydrogenAtomUQFFGravityCalculator(_CP3Calculator):"
"CondensedPhysics3.py","4096","class FUBiiFullDPMPolynomialIntegralCalculator(_CP3Calculator):"
"CondensedPhysics3.py","4221","class UQFFNeutrinoDecayRateCouplingCalculator(_CP3Calculator):"
"CondensedPhysics3.py","4302","class MagnetarSGR1745DynamicModulationCalculator(_CP3Calculator):"
"CondensedPhysics3.py","4386","class UQFFBuoyancyMasterIntegralCalculator(_CP3Calculator):"
"CondensedPhysics3.py","4487","class UQFFCGMSSqMetallicityCalculator(_CP3Calculator):"
"CondensedPhysics3.py","4559","class NGC3603StellarPressureModulationCalculator(_CP3Calculator):"
"CondensedPhysics3.py","4621","class M16EagleNebulaRadiationSFRCalculator(_CP3Calculator):"
"CondensedPhysics3.py","4687","class CrabPWNUQFFCalculator(_CP3Calculator):"
"CondensedPhysics3.py","4766","class UQFFSombreroDustIntegratedCalculator(_CP3Calculator):"
"CondensedPhysics3.py","4848","class BubbleNebulaExpansionEnhancementCalculator(_CP3Calculator):"
"CondensedPhysics3.py","4914","class HorseheadNebulaPradBlackbodyCalculator(_CP3Calculator):"
"CondensedPhysics3.py","4983","class NGC1275PerseusAGNFilamentCalculator(_CP3Calculator):"
"CondensedPhysics3.py","5064","class SaturnDualGravityRingTensionCalculator(_CP3Calculator):"
"CondensedPhysics3.py","5147","class UQFFEarlyUniverseRelativisticUVCalculator(_CP3Calculator):"
"CondensedPhysics3.py","5242","class MagnetarSGR0501MUGEFullCalculator(_CP3Calculator):"
"CondensedPhysics3.py","5257","    Source: grok_share_8d951e12.txt ? Doc 2, C++ class MagnetarSGR0501_4516"
"CondensedPhysics3.py","5377","class StarbirthTapestryLMCUQFFCalculator(_CP3Calculator):"
"CondensedPhysics3.py","5388","    Source: grok_share_8d951e12.txt ? Doc 4, C++ class StarbirthTapestry"
"CondensedPhysics3.py","5479","class Westerlund2MUGEStellarWindCalculator(_CP3Calculator):"
"CondensedPhysics3.py","5491","    Source: grok_share_8d951e12.txt ? Doc 6, C++ class Westerlund2"
"CondensedPhysics3.py","5571","class PillarsOfCreationErosionMUGECalculator(_CP3Calculator):"
"CondensedPhysics3.py","5585","    Source: grok_share_8d951e12.txt ? Doc 7, C++ class PillarsOfCreation"
"CondensedPhysics3.py","5674","class GalaxyNGC2525SNMassLossCalculator(_CP3Calculator):"
"CondensedPhysics3.py","5688","    Source: grok_share_8d951e12.txt ? Doc 10, C++ class GalaxyNGC2525"
"CondensedPhysics3.py","5775","class HUDFGalaxiesCosmicFieldCalculator(_CP3Calculator):"
"CondensedPhysics3.py","5789","    Source: grok_share_8d951e12.txt ? Doc 18, C++ class HUDFGalaxies (PREVIOUSLY UNKNOWN)"
"CondensedPhysics3.py","5881","class GalaxyNGC1792StarburstForgeCalculator(_CP3Calculator):"
"CondensedPhysics3.py","5894","    Source: grok_share_8d951e12.txt ? Doc 19, C++ class GalaxyNGC1792 (PREVIOUSLY UNKNOWN)"
"CondensedPhysics3.py","5980","class SGR1745BHProximityMagEnergyCalculator(_CP3Calculator):"
"CondensedPhysics3.py","5994","    Source: grok_share_8d951e12.txt ? Doc 2.a enhanced, C++ class MagnetarSGR1745_2900"
"CondensedPhysics3.py","6091","class SgrAStarAccretionPrecessionCalculator(_CP3Calculator):"
"CondensedPhysics3.py","6106","    Source: grok_share_8d951e12.txt ? Doc 3 enhanced, C++ class SMBHSgrAStar"
"CondensedPhysics3.py","6206","class AntennaeGalaxiesMergerInteractionCalculator(_CP3Calculator):"
"CondensedPhysics3.py","6221","    Source: grok_share_8d951e12.txt ? Doc 14 enhanced, C++ class AntennaeGalaxies"
"CondensedPhysics3.py","6314","# Class 106: UQFFLearningAdvancementCalculator"
"CondensedPhysics3.py","6315","# Class 107: UQFFSource10CatalogueCalculator"
"CondensedPhysics3.py","6316","# Class 108: UQFFVacuumRepulsionCalculator"
"CondensedPhysics3.py","6317","# Class 109: UQFFTHzConduitShockCalculator"
"CondensedPhysics3.py","6318","# Class 110: UQFFSpookyActionDPMCalculator"
"CondensedPhysics3.py","6321","class UQFFLearningAdvancementCalculator(_CP3Calculator):"
"CondensedPhysics3.py","6406","class UQFFSource10CatalogueCalculator(_CP3Calculator):"
"CondensedPhysics3.py","6557","class UQFFVacuumRepulsionCalculator(_CP3Calculator):"
"CondensedPhysics3.py","6620","class UQFFTHzConduitShockCalculator(_CP3Calculator):"
"CondensedPhysics3.py","6709","class UQFFSpookyActionDPMCalculator(_CP3Calculator):"
"CondensedPhysics3.py","6802","class RingsOfRelativityEinsteinLensingMUGECalculator(_CP3Calculator):"
"CondensedPhysics3.py","6806","    Unique equation (Document 8 ? third-pass extension of class 81):"
"CondensedPhysics3.py","6816","    Key distinction from class 81 (UQFFLensingModulationRingsCalculator):"
"CondensedPhysics3.py","6817","      ? Class 81 uses  L(t) = L_0?e^{?t/?}?cos(?_lens?t)  ? dynamic transit"
"CondensedPhysics3.py","6818","      ? This class uses L_t = (GM/c?r)?(D_LS/D_S)          ? static Einstein radius"
"CondensedPhysics3.py","6820","    Parameters sourced from Doc 8 C++ class RingsOfRelativity (xAI/Grok,"
"CondensedPhysics3.py","6944","class NGC3603FullMUGECavityPressureCalculator(_CP3Calculator):"
"CondensedPhysics3.py","6956","    Key distinction from class 88 (NGC3603StellarPressureModulationCalculator):"
"CondensedPhysics3.py","6957","      ? Class 88 uses P as a multiplicative suppressor: *(1?P(t))"
"CondensedPhysics3.py","6958","      ? This class uses P(t)/?_fluid as an additive acceleration term"
"CondensedPhysics3.py","6959","      ? This class also includes M(t) mass growth (exponential star-formation model)"
"CondensedPhysics3.py","7055","        # Cavity pressure acceleration (ADDITIVE term ? distinct from class 88 multiplier)"
"CondensedPhysics3.py","7096","class MUGEQuantumUncertaintyTermCalculator(_CP3Calculator):"
"CondensedPhysics3.py","7160","class MUGEFluidSelfGravityTermCalculator(_CP3Calculator):"
"CondensedPhysics3.py","7222","class MUGEDualModeOscillatoryGravityCalculator(_CP3Calculator):"
"CondensedPhysics3.py","7286","class MUGEMergerInteractionModulationCalculator(_CP3Calculator):"
"CondensedPhysics3.py","7360","class UQFFSource10BatchProfiledCalculator(_CP3Calculator):"
"CondensedPhysics3.py","7465","class UQFFCUDAGPUOptimizationPatternCalculator(_CP3Calculator):"
"CondensedPhysics3.py","7558","class SN1006TypeIaSNRFUBiCalculator(_CP3Calculator):"
"CondensedPhysics3.py","7712","class EtaCarinaeHomuculusFUBiCalculator(_CP3Calculator):"
"CondensedPhysics3.py","7852","class ChandraArchiveMultiSystemFUBiCalculator(_CP3Calculator):"
"CondensedPhysics3.py","7865","    buoyancy sector.  The composite average also reproduces this class member,"
"CondensedPhysics3.py","7966","                ""Equivalence class condition: F_U_Bi(??=const) = const ? M, L, T, t"","
"CondensedPhysics3.py","7990","class SgrACenterNegativeBuoyancyCalculator(_CP3Calculator):"
"CondensedPhysics3.py","8151","class KeplerSNR1604FUBiCalculator(_CP3Calculator):"
"CondensedPhysics3.py","8189","        omega_0  = dataset.get('omega_0', 1e-12)      # same ??-class as SN1006 (rad/s)"
"CondensedPhysics3.py","8258","                f""F_LENR = {F_LENR:.4e} N  [same ?? ? same F_LENR; equivalence class confirmed]"","
"CondensedPhysics3.py","8262","                f""F_rel = {F_rel:.4e} N  [negligible ? low-?? class confirmed]"","
"CondensedPhysics3.py","8304","# First CP3 class capturing F_neutron = k_neutron ? ?_n = 10^10 ? 10^39 = 10^49 N"
"CondensedPhysics3.py","8310","class PSRJ0030NeutronStarFUBiCalculator(_CP3Calculator):"
"CondensedPhysics3.py","8462","class CrabNebulaM1FUBiCalculator(_CP3Calculator):"
"CondensedPhysics3.py","8616","#   Force Equivalence Class now spans compact neutron stars AND diffuse ISM composites"
"CondensedPhysics3.py","8619","class CassiopeiaASNRFUBiCalculator(_CP3Calculator):"
"CondensedPhysics3.py","8625","    Uniquely rare discovery: Force Equivalence Class cross-validation."
"CondensedPhysics3.py","8629","    The equivalence class is now confirmed to span 53 orders in ?_n and 14 orders in r."
"CondensedPhysics3.py","8651","        omega_0 = dataset.get('omega_0', 1e-12)          # ??=10^-12 (equiv class frequency)"
"CondensedPhysics3.py","8712","        # Equivalence class cross-validation"
"CondensedPhysics3.py","8725","                f""Equivalence class match: {equiv_class_match}  [NS compact object = diffuse ISM composite]"","
"CondensedPhysics3.py","8726","                f""Equiv class spans: ?_n 10^-4?10^39 (53 orders); r 10^4?6.17e18 m (14 orders)"","
"CondensedPhysics3.py","8731","                ""Equivalence class boundary: r_threshold where F_neutron contribution becomes detectable"","
"CondensedPhysics3.py","8738","                 'note': 'Equivalence class persistence: F_U_Bi_i constant despite ?_n changing 53 orders'},"
"CondensedPhysics3.py","8757","# ALMA Cycle 12 Proposal: first CP3 class linking F_U_Bi_i integrals to"
"CondensedPhysics3.py","8764","# Uniquely rare: no prior CP3 class connects UQFF integral outputs to observational"
"CondensedPhysics3.py","8767","class MultiMessengerUQFFValidator(_CP3Calculator):"
"CondensedPhysics3.py","8770","    ALMA Cycle 12 Proposal: first CP3 class mapping F_U_Bi_i integral results"
"CondensedPhysics3.py","8887","class HUDFTRZCPTPhaseCalculator(_CP3Calculator):"
"CondensedPhysics3.py","8952","class HUDFInteractionCascadeBuoyancyCalculator(_CP3Calculator):"
"CondensedPhysics3.py","9025","class HUDFGravitationalMeissnerCalculator(_CP3Calculator):"
"CondensedPhysics3.py","9033","      5. First UQFF class identifying a gravitational analogue of superconducting flux expulsion"
"CondensedPhysics3.py","9106","class NGC1792StarburstBuoyancyCoherenceCalculator(_CP3Calculator):"
"CondensedPhysics3.py","9154","class NGC1792HubbleSlowModeOscillatorCalculator(_CP3Calculator):"
"CondensedPhysics3.py","9195","class NGC1792RamPressureDegeneracyCalculator(_CP3Calculator):"
"CondensedPhysics3.py","9240","class Source10DPMResonanceAmplificationCalculator(_CP3Calculator):"
"CondensedPhysics3.py","9277","class Source10THzDoubleGateConduitCalculator(_CP3Calculator):"
"CondensedPhysics3.py","9322","class Source10GravitationalVacuumDragCalculator(_CP3Calculator):"
"CondensedPhysics3.py","9372","class AndromedaBlueshiftApproachAmplifierCalculator(_CP3Calculator):"
"CondensedPhysics3.py","9414","class AndromedaHI21cmUQFFResonanceCalculator(_CP3Calculator):"
"CondensedPhysics3.py","9460","class AndromedaDMShellPartitionCalculator(_CP3Calculator):"
"CondensedPhysics3.py","9510","class AndromedaFriedmannHzExpansionCalculator(_CP3Calculator):"
"CondensedPhysics3.py","9576","class SombreroRecessionDampingKappaCalculator:"
"CondensedPhysics3.py","9611","class SombreroRingResonatorDustRingCalculator:"
"CondensedPhysics3.py","9651","class SombreroSMBHDominanceRatioCalculator:"
"CondensedPhysics3.py","9697","class SaturnSolarTidalPerturbationCalculator:"
"CondensedPhysics3.py","9736","class SaturnRingTidalGravityResonanceCalculator:"
"CondensedPhysics3.py","9775","class SaturnAtmosphericWindKineticPressureCalculator:"
"CondensedPhysics3.py","9821","class SaturnSolarTidalHubbleExpansionCalculator:"
"CondensedPhysics3.py","9897","class M16DualMassCoActionProductCalculator:"
"CondensedPhysics3.py","9947","class M16ErosionSaturationHalfTimeCalculator:"
"CondensedPhysics3.py","9998","class M16NebularFriedmannRedshiftCalculator:"
"CondensedPhysics3.py","10064","class ResonanceSCDPMTHzCascadeCalculator:"
"CondensedPhysics3.py","10105","class ResonanceSCCosmicAgeStandingWaveCalculator:"
"CondensedPhysics3.py","10156","class ResonanceSCCooperDPMFreqSynthesisCalculator:"
"CondensedPhysics3.py","10214","class CrabSNRDPMDilutionCalculator:"
"CondensedPhysics3.py","10262","class CrabFilamentSpectralTriadCalculator:"
"CondensedPhysics3.py","10306","class CrabPulsarOscResonanceWindowCalculator:"
"CondensedPhysics3.py","10367","class CR24DualChannelArchitectureCalculator:"
"CondensedPhysics3.py","10463","class CR24VacuumDifferentialHarmonicCalculator:"
"CondensedPhysics3.py","10519","class CR24CompressedCooperSuperSeedingCalculator:"
"CondensedPhysics3.py","10520","    """"""PAPER_295 ? UQFF CR24 Compressed Cooper Super-Seeding, f_DPM? Quadratic Class Scaling."
"CondensedPhysics3.py","10523","    A_sc ? f_DPM  and  a_DPM ? f_DPM  ?  a_super ? f_DPM? (quadratic class scaling)."
"CondensedPhysics3.py","10552","        # Class comparison: compute A_sc and a_super at adjacent DPM class (?10)"
"CondensedPhysics3.py","10583","class UniverseDiameterLambdaVacuumAccelerationCalculator:"
"CondensedPhysics3.py","10618","class UniverseDiameterSuperluminalHubbleRatioCalculator:"
"CondensedPhysics3.py","10659","class UniverseDiameterGRCurvatureDominanceCalculator:"
"CondensedPhysics3.py","10700","class HydrogenAtomLorentzEMDominanceCalculator:"
"CondensedPhysics3.py","10735","class HydrogenAtomLymanCosmosBridgeCalculator:"
"CondensedPhysics3.py","10773","class HydrogenAtomProtonGRSpectralMinimumCalculator:"
"CondensedPhysics3.py","10816","class HydrogenPToEUg4iResonanceBridgeCalculator:"
"CondensedPhysics3.py","10853","class HydrogenPToETHzQuantumDegeneracyCalculator:"
"CondensedPhysics3.py","10895","class HydrogenPToEAetherGravitationalDominanceCalculator:"
"CondensedPhysics3.py","10927","class LagoonNebulaSFRMassRunawayCalculator:"
"CondensedPhysics3.py","10965","class LagoonNebulaHerschelRadiationErosionCalculator:"
"CondensedPhysics3.py","10996","class LagoonNebulaDualRadiationEMBarrierCalculator:"
"CondensedPhysics3.py","11041","class SpiralArmTorqueGravitationalAmplifierCalculator:"
"CondensedPhysics3.py","11098","class SNIaHubbleTensionImprintCalculator:"
"CondensedPhysics3.py","11164","class SpiralDMVisiblePartitionRotationCalculator:"
"CondensedPhysics3.py","11222","class BiPolarPNWindShockGravitationalDominanceCalculator:"
"CondensedPhysics3.py","11276","class BiPolarPNUVRadiationPressureCalculator:"
"CondensedPhysics3.py","11327","class EquatorialTorusMagneticConfinementCalculator:"
"CondensedPhysics3.py","11383","class BipolarPNLobeResonanceDPMMacroAntennaCalculator:"
"CondensedPhysics3.py","11437","class ResonanceVacDiffTHzCrossoverRadiusCalculator:"
"CondensedPhysics3.py","11497","class CooperDPMf1THz_AscConfirmationCalculator:"
"CondensedPhysics3.py","11498","    """"""PAPER_316 ? NGC6302 Cooper-DPM f_DPM=1e12 Hz Class Confirmation."
"CondensedPhysics3.py","11562","class OrionTrapeziumWindRamPressureDominanceCalculator:"
"CondensedPhysics3.py","11630","class OrionTrapeziumOBUVRadiationChampagneFlowCalculator:"
"CondensedPhysics3.py","11694","class OrionCompactHIISFRBindingCrossoverCalculator:"
"CondensedPhysics3.py","11774","class CR34DPMForceDensitySpectralAtlasCalculator:"
"CondensedPhysics3.py","11812","class CR34CrossChannelDominanceCrossoverCalculator:"
"CondensedPhysics3.py","11860","class CR34HiIRegionTHzGeometricDifferentialCalculator:"
"CondensedPhysics3.py","11907","class CR34bVacuumAetherFrequencyModeCalculator:"
"CondensedPhysics3.py","11946","class CR34bSaturnFirstPlanetaryDualChannelCalculator:"
"CondensedPhysics3.py","11993","class CR34bRhoISMFluidDensityCouplingCalculator:"
"CondensedPhysics3.py","12031","class TriadicMasterFUg1R26StateRamanujanCalculator:"
"CondensedPhysics3.py","12082","class QWave47NonGaussianDistributionCalculator:"
"CondensedPhysics3.py","12121","class AlphaBECNuclearLENREnhancementCalculator:"
"CondensedPhysics3.py","12172","class UmBilinearHeavisideNeutrinoVacuumCascadeCalculator:"
"CondensedPhysics3.py","12208","class HResNuclear6EquationDipolekNucCalculator:"
"CondensedPhysics3.py","12249","class MUGE26StateFrequencyBasisProofIdentitiesCalculator:"
"CondensedPhysics3.py","12294","class FUBi12TermExplicitIntegrandCalculator:"
"CondensedPhysics3.py","12347","class BSMUQFFMultiExperimentCouplingCalculator:"
"CondensedPhysics3.py","12394","class UiComplexSuperconductiveVacuumDensityCalculator:"
"CondensedPhysics3.py","12438","class kkREBTrdicRamanujanFUBiBuoyancyKernelCalculator:"
"CondensedPhysics3.py","12481","class gCompressedAllForcesR26ComponentCalculator:"
"CondensedPhysics3.py","12541","class QWave81PhaseSeparationValidationCalculator:"
"CondensedPhysics3.py","12579","class NineSystemSepAstroParameterCatalogueCalculator:"
"CondensedPhysics3.py","12634","class UmRotorStringTorqueIntegrationCalculator:"
"CondensedPhysics3.py","12692","class EDMSO10BSMRefinedFuCalculator:"
"CondensedPhysics3.py","12751","class UQFFSupplementCalibration3VarCalculator:"
"CondensedPhysics3.py","12812","class MagnetarDPMTHzFrequencyFormCalculator:"
"CondensedPhysics3.py","12879","class SGR17452900SCmLxFreqFormCalculator:"
"CondensedPhysics3.py","12944","class SgrAStarGWPrecessionSquaredCalculator:"
"CondensedPhysics3.py","13008","class TapestryStarbirthDPMTHzFreqCalculator:"
"CondensedPhysics3.py","13075","class M87JetBZModelFUBiCalculator:"
"CondensedPhysics3.py","13140","class CentaurusAFUBiJetVshapeCalculator:"
"CondensedPhysics3.py","13205","class StephansQuintetShockRidgeFUBiCalculator:"
"CondensedPhysics3.py","13266","class SPTClJ2215CoolCoreStarburstCalculator:"
"CondensedPhysics3.py","13332","class ElGordoACTCLJ0102MergerFUBiCalculator:"
"CondensedPhysics3.py","13392","class ASASSN14liTDEOutflowFUBiCalculator:"
"CondensedPhysics3.py","13457","class RAquariiSymbioticBinaryFUBiCalculator:"
"CondensedPhysics3.py","13522","class DecayRateVacuumRhoRatioDoubleExpCalculator:"
"CondensedPhysics3.py","13582","class DUniverseSpatialCurvatureFifthFactorCalculator:"
"CondensedPhysics4.py","55","  - No class names duplicated"
"CondensedPhysics4.py","57","      PAPER_355: FU_g1/R(t)/FU_Bi for PLCK relics ? no PLCK class in CP1-3"
"CondensedPhysics4.py","58","      PAPER_356: T_period~2000 s ULPT [SSq]-modulated ? no ULPT class in CP1-3"
"CondensedPhysics4.py","66","      PAPER_364: dN_ch/d? ?s^0.156 ? n=18 ?_vac ? not a standalone class in CP1-3"
"CondensedPhysics4.py","128","class _CP4Calculator:"
"CondensedPhysics4.py","129","    """"""Base class for all CP4 stateless calculators."""""""
"CondensedPhysics4.py","156","class PLCKClusterG287MergerRelicTriadicCalculator(_CP4Calculator):"
"CondensedPhysics4.py","247","class ASKAPUltraLongPeriodTransientFUBiCalculator(_CP4Calculator):"
"CondensedPhysics4.py","327","class TOI1227bYoungNeptuneExoplanetFUBiCalculator(_CP4Calculator):"
"CondensedPhysics4.py","407","class AT2024tvdWanderingMBHTDECalculator(_CP4Calculator):"
"CondensedPhysics4.py","495","class G359FilamentGalacticCenterFUBiCalculator(_CP4Calculator):"
"CondensedPhysics4.py","585","class J1610HighZQuasarJetFUBiCalculator(_CP4Calculator):"
"CondensedPhysics4.py","679","class BubbleNebulaPositiveExpansionFUBiCalculator(_CP4Calculator):"
"CondensedPhysics4.py","787","class H2OH2RotorPhillipsCSCrossSectionCalculator(_CP4Calculator):"
"CondensedPhysics4.py","806","    Distinction from PAPER_339 (?_rot torque): this class derives ?(E) collision"
"CondensedPhysics4.py","872","class NOMADMonophotonNeutrinoVacuumCouplingCalculator(_CP4Calculator):"
"CondensedPhysics4.py","949","class ALICEMultiplicityCentralityRhoVacRatioCalculator(_CP4Calculator):"
"CondensedPhysics4.py","1020","class MagnetarMmagOutburstTimescaleCalculator(_CP4Calculator):"
"CondensedPhysics4.py","1038","    Distinction: No dedicated timescale class exists for M_mag ? ? in CP1-3."
"CondensedPhysics4.py","1105","class SgrAStarJWST2025FlareOmegaActDerivationCalculator(_CP4Calculator):"
"CondensedPhysics4.py","1206","class PSZ2G181MergerRelicTriadicFUBiCalculator:"
"CondensedPhysics4.py","1412","class Ug4VacuumEnergyLambdaCDMGalacticBHCouplingCalculator(_CP4Calculator):"
"CondensedPhysics4.py","1458","class NavierStokesStableFluidUQFFQuasarJetCalculator(_CP4Calculator):"
"CondensedPhysics4.py","1504","class MultiBodySolarPcorePlanetaryScalingCalculator(_CP4Calculator):"
"CondensedPhysics4.py","1557","class StarMagic09SeptUQFFMultiBodyNSCalculator(_CP4Calculator):"
"CondensedPhysics4.py","1591","class MUGESuperconductive12TermResonanceCalculator(_CP4Calculator):"
"CondensedPhysics4.py","1701","class CompressedUQFFBcritSuperconductivityCalculator(_CP4Calculator):"
"CondensedPhysics4.py","1783","class MorrisThorneWormholeNullGeodesicsCalculator(_CP4Calculator):"
"CondensedPhysics4.py","1870","class J1610RelativisticQuasarJetUQFFNSCalculator(_CP4Calculator):"
"CondensedPhysics4.py","1968","class UQFFWormholeMeissnerRelativisticGammaCalculator(_CP4Calculator):"
"CondensedPhysics4.py","2096","class StarMagic11254865MUGESessionHubCalculator(_CP4Calculator):"
"CondensedPhysics4.py","2132","class UQFFResonanceFormalProofSetCalculator(_CP4Calculator):"
"CondensedPhysics4.py","2223","class WormholeMUGETermImplSafetyCalculator(_CP4Calculator):"
"CondensedPhysics4.py","2306","class StarMagic11254865Session102HubCalculator(_CP4Calculator):"
"CondensedPhysics4.py","2334","class CohesiveUQFFIntegrationCalculator(_CP4Calculator):"
"CondensedPhysics4.py","2442","class DualModelMUGEComparisonCalculator(_CP4Calculator):"
"CondensedPhysics4.py","2521","class UQFFSolvableEquationSetCalculator(_CP4Calculator):"
"CondensedPhysics4.py","2625","class StarMagic11254865Session103HubCalculator(_CP4Calculator):"
"CondensedPhysics4.py","2653","class SGR1745CompressedMUGESpectralTermDecompositionCalculator(_CP4Calculator):"
"CondensedPhysics4.py","2767","class UQFF12TermSpectralLadderSGR1745Calculator(_CP4Calculator):"
"CondensedPhysics4.py","2909","class Ug4iTransientAgeDecayLawCalculator(_CP4Calculator):"
"CondensedPhysics4.py","2992","class SagAStarFullResonanceTermDecompositionCalculator(_CP4Calculator):"
"CondensedPhysics4.py","3112","class Canonical7SystemUQFFParameterRegistryCalculator(_CP4Calculator):"
"CondensedPhysics4.py","3260","class LaTeXDualBlockUQFFMasterEquationCalculator(_CP4Calculator):"
"CondensedPhysics4.py","3363","class vSCmRelativisticParameterUpdateCalculator(_CP4Calculator):"
"CondensedPhysics4.py","3422","class YangMillsMassGapVacuumDensityEvolutionCalculator(_CP4Calculator):"
"CondensedPhysics4.py","3500","class GalacticOmegaSVelocityDispersionCalibrationCalculator(_CP4Calculator):"
"CondensedPhysics4.py","3563","class SMBHMassSigmaDispersionRelationUQFFAnchorCalculator(_CP4Calculator):"
"CondensedPhysics4.py","3639","class HybridMUGEMeissnerBlendingModelCalculator(_CP4Calculator):"
"CondensedPhysics4.py","3728","class AetherMetricTensorPerturbationCalculator(_CP4Calculator):"
"CondensedPhysics4.py","3782","class SCmReactorEfficiencyDecayCalculator(_CP4Calculator):"
"CondensedPhysics4.py","3841","class FUThreeTermStarMagicMasterCalculator(_CP4Calculator):"
"CondensedPhysics4.py","3917","class WormholeUQFFResonanceAccelerationCalculator(_CP4Calculator):"
"CondensedPhysics4.py","3972","class HiggsEmergentLevel18UQFFStratumCalculator(_CP4Calculator):"
"CondensedPhysics4.py","4037","class Session107CfdcAd2f5HubCalculator(_CP4Calculator):"
"CondensedPhysics4.py","4126","class Ug2HeliosphereBubbleChargeCoupledEreactCalculator(_CP4Calculator):"
"CondensedPhysics4.py","4174","class Ug3MagneticStringsDiskPcoreCalculator(_CP4Calculator):"
"CondensedPhysics4.py","4216","class Ug4VacuumBHFeedbackCconcentrationCalculator(_CP4Calculator):"
"CondensedPhysics4.py","4262","class Ubi4TermSolarWindBuoyancyEpsilonSwCalculator(_CP4Calculator):"
"CondensedPhysics4.py","4315","class MusSCmAugmentedMagneticDipoleOmegaCCalculator(_CP4Calculator):"
"CondensedPhysics4.py","4358","class SCmDensityPlanetaryScalingLawCalculator(_CP4Calculator):"
"CondensedPhysics4.py","4418","class Ts00TwoComponentStressEnergyDecompositionCalculator(_CP4Calculator):"
"CondensedPhysics4.py","4459","class FU4BodySolarSystemNumericalVerificationCalculator(_CP4Calculator):"
"CondensedPhysics4.py","4500","class ResonanceMUGE14TermCompleteWormholeSumCalculator(_CP4Calculator):"
"CondensedPhysics4.py","4556","class Session108CfdcAd2f5OctConstructionFileHubCalculator(_CP4Calculator):"
"CondensedPhysics4.py","4627","class Session109CfdcAd2f5RefactoringSectionExhaustionHubCalculator(_CP4Calculator):"
"CondensedPhysics4.py","4695","class SCmHiddenElementUndetectableQsQuasarIgnitionCalculator(_CP4Calculator):"
"CondensedPhysics4.py","4726","class Ug1DPMDiPseudoMonopoleSolarCalibrationCalculator(_CP4Calculator):"
"CondensedPhysics4.py","4762","class HeliosphereHydrogenComplexSCmStellarAgeCalculator(_CP4Calculator):"
"CondensedPhysics4.py","4792","class Ug3CCWCWDifferentialRotationSCmPlanetaryCoreCalculator(_CP4Calculator):"
"CondensedPhysics4.py","4830","class QuasarJetNavierStokesUQFFFluidSolverBodyForceCalculator(_CP4Calculator):"
"CondensedPhysics4.py","4862","class EreactSCmReactivityAetherDensityReactorEfficiencyCalculator(_CP4Calculator):"
"CondensedPhysics4.py","4890","class TsUniverse5ComponentStressEnergyDecompositionCalculator(_CP4Calculator):"
"CondensedPhysics4.py","4933","class PiCyclesNegativeTimeCosineTemporalReversalCalculator(_CP4Calculator):"
"CondensedPhysics4.py","4958","class FUSunCompleteSCmSolarCycleFinalCalibrationCalculator(_CP4Calculator):"
"CondensedPhysics4.py","4996","class HamiltonianPlanetaryCoreHUg3HSCmHUAYangMillsMassGapCalculator(_CP4Calculator):"
"CondensedPhysics4.py","5044","class Session110Grok755feea7StarMagicBookPhysicsHubCalculator(_CP4Calculator):"
"CondensedPhysics4.py","5095","class FUCompleteLambdaI4thDissipationSumCalculator(_CP4Calculator):"
"CondensedPhysics4.py","5151","class UmHeavisideQuasiPeriodicSCmPhaseTransitionAmplifierCalculator(_CP4Calculator):"
"CondensedPhysics4.py","5222","class Session111Grok755feea7ExhaustiveReanalysisHubCalculator(_CP4Calculator):"
"CondensedPhysics4.py","5269","class UQFF29SystemCrossValidationMatrixCalculator(_CP4Calculator):"
"CondensedPhysics4.py","5282","    This class evaluates all 29 per-system equations and validates that the"
"CondensedPhysics4.py","5542","class Session112GrokC020496d9ExhaustiveAuditHubCalculator(_CP4Calculator):"
"CondensedPhysics4.py","5604","class UmCompleteSSqVacuumThermalDampingCalculator(_CP4Calculator):"
"CondensedPhysics4.py","5622","    VERIFICATION (no prior class has all three modifiers):"
"CondensedPhysics4.py","5715","class Session113GrokC020496d9ReAnalysisHubCalculator(_CP4Calculator):"
"CondensedPhysics4.py","5792","class FUBiiUmUniversalCompanionCatalogCalculator(_CP4Calculator):"
"CondensedPhysics4.py","5893","class DPMFourComponentCorrelationCalculator(_CP4Calculator):"
"CondensedPhysics4.py","5999","class UAScmJWSTALMACERNValidationTableCalculator(_CP4Calculator):"
"CondensedPhysics4.py","6067","class TwentySixDResonanceLayerAmplitudeFrequencyCalculator(_CP4Calculator):"
"CondensedPhysics4.py","6134","class HResPeriodicTableUniversalNuclearCorrelationCalculator(_CP4Calculator):"
"CondensedPhysics4.py","6216","class ThreeNewNumberSystemsVacuumDipoleBuoyancyCalculator(_CP4Calculator):"
"CondensedPhysics4.py","6308","class Session114GrokC020496d9DeepPhysicsHubCalculator(_CP4Calculator):"
"CondensedPhysics4.py","6387","class OrionNebulaHAlphaUQFFCalculator(_CP4Calculator):"
"CondensedPhysics4.py","6481","class MultiSystemUQFFCoreCalculator(_CP4Calculator):"
"CondensedPhysics4.py","6572","class YoungStarsOutflowsPressureCalculator(_CP4Calculator):"
"CondensedPhysics4.py","6627","class EagleNebulaWindRadiationCalculator(_CP4Calculator):"
"CondensedPhysics4.py","6681","class BigBangCosmicQGDMGWCalculator(_CP4Calculator):"
"CondensedPhysics4.py","6755","class CompressedUQFFEnvModularCalculator(_CP4Calculator):"
"CondensedPhysics4.py","6832","class MagnetarDualModeUQFFCalculator(_CP4Calculator):"
"CondensedPhysics4.py","6918","class MultiSystemCompressionCycle2Calculator(_CP4Calculator):"
"CondensedPhysics4.py","7000","class UQFFExpandedSystemRegistryCalculator(_CP4Calculator):"
"CondensedPhysics4.py","7073","class Session115GrokShare5fa36e4eHubCalculator(_CP4Calculator):"
"CondensedPhysics4.py","7168","class MUGECompressed29SystemUnifiedGravityCalculator(_CP4Calculator):"
"CondensedPhysics4.py","7260","class MUGECompressed38SystemExtendedEnvCalculator(_CP4Calculator):"
"CondensedPhysics4.py","7348","class MUGEFinal7SystemResonanceAccelerationsCalculator(_CP4Calculator):"
"CondensedPhysics4.py","7448","class UFEOrbPlasmoidDynamicsRedDwarfCalculator(_CP4Calculator):"
"CondensedPhysics4.py","7528","class NebularUQFFDrawing32LENRHiggsCalculator(_CP4Calculator):"
"CondensedPhysics4.py","7616","class RedDwarfLENRPiSeriesHiggsCalculator(_CP4Calculator):"
"CondensedPhysics4.py","7719","class InertiaUQFFWaveEnergyThreeLegProofsetCalculator(_CP4Calculator):"
"CondensedPhysics4.py","7817","class HydrogenCompressedSpaceEspaceThreeLegCalculator(_CP4Calculator):"
"CondensedPhysics4.py","7913","class Session116GrokShareE70525FaHubCalculator(_CP4Calculator):"
"CondensedPhysics4.py","8002","class DPMLayeredShellEnergyRadianceCalculator(_CP4Calculator):"
"CondensedPhysics4.py","8100","class NegativeTimeDilationSpookyDistanceCalculator(_CP4Calculator):"
"CondensedPhysics4.py","8193","class DPMUnifiedInertiaCentripetCentrifugCalculator(_CP4Calculator):"
"CondensedPhysics4.py","8287","class ShellRadiancePrototypeEquationCalculator(_CP4Calculator):"
"CondensedPhysics4.py","8407","class Session140GrokShare0f5d4c91f2cHubCalculator(_CP4Calculator):"
"CondensedPhysics4.py","8492","class UniversalSpectrumSpectralDivisionsCalculator(_CP4Calculator):"
"CondensedPhysics4.py","8599","class DPMFrequencyDriveReRingingVacuumGradCalculator(_CP4Calculator):"
"CondensedPhysics4.py","8704","class QuantumEggFrequencyNumericalSimCalculator(_CP4Calculator):"
"CondensedPhysics4.py","8796","class PlasmaOrbEmergenceThresholdCalculator(_CP4Calculator):"
"CondensedPhysics4.py","8864","class Session141ProplydDPMSpectraHubCalculator(_CP4Calculator):"
"CondensedPhysics4.py","8939","class ThreeDIPONonLinearProgressionCalculator(_CP4Calculator):"
"CondensedPhysics4.py","8980","class PymanderSphereOrderFromChaosCalculator(_CP4Calculator):"
"CondensedPhysics4.py","9019","class UQFFCompSpectralMatrixEigenvalueCalculator(_CP4Calculator):"
"CondensedPhysics4.py","9058","class NavierStokesUQFFEncompassmentCalculator(_CP4Calculator):"
"CondensedPhysics4.py","9107","class Session142MillenniumEquationsHubCalculator(_CP4Calculator):"
"CondensedPhysics4.py","9237","class BigBangHypergraphOriginCalculator(_CP4Calculator):"
"CondensedPhysics4.py","9284","class QuantumPlasmaOrbUSorbCalculator(_CP4Calculator):"
"CondensedPhysics4.py","9338","class SolarSystemEvolvingProplydDVPCalculator(_CP4Calculator):"
"CondensedPhysics4.py","9388","class CentripetalUQFFEncompassmentCalculator(_CP4Calculator):"
"CondensedPhysics4.py","9443","class VDSDVPBHNumberSystemsCatalogueCalculator(_CP4Calculator):"
"CondensedPhysics4.py","9502","class DPMSplitMonopoleMHDProplydCalculator(_CP4Calculator):"
"CondensedPhysics4.py","9549","                ""B_pol ~ 0.1 G                       [TW Hydrae ALMA; Class II disk]"","
"CondensedPhysics4.py","9568","class SolarBodyProplydLegacyCalculator(_CP4Calculator):"
"CondensedPhysics4.py","9640","class UQFFOrionEncompassFitCalculator(_CP4Calculator):"
"CondensedPhysics4.py","9710","class ExtendedCentripetalNSResidualCalculator(_CP4Calculator):"
"CondensedPhysics4.py","9785","class YangMillsDPMQuantizationHubCalculator(_CP4Calculator):"
"CondensedPhysics4.py","9899","class DPMProplydBidirectionalEncompassmentCalculator(_CP4Calculator):"
"CondensedPhysics4.py","9990","class UQFFOffDiagProplydOrionFitCalculator(_CP4Calculator):"
"CondensedPhysics4.py","10083","class NSHypergraphDiscreteRegularityCalculator(_CP4Calculator):"
"CondensedPhysics4.py","10178","class YMDPMGaugeFieldMassGapProofCalculator(_CP4Calculator):"
"CondensedPhysics4.py","10259","class SimultaneousMultiMethodEquivalenceHubCalculator(_CP4Calculator):"
"CondensedPhysics4.py","10414","class UgUbBoundaryOverlapDisplacementCalculator(_CP4Calculator):"
"CondensedPhysics4.py","10452","class Ug4BHTidalTimereversalCalculator(_CP4Calculator):"
"CondensedPhysics4.py","10484","class FUBiCollapsePreventionEigenproofCalculator(_CP4Calculator):"
"CondensedPhysics4.py","10521","class GalaxyMergerUQFFVsNewtonEinsteinCalculator(_CP4Calculator):"
"CondensedPhysics4.py","10575","class Um26DPolyQuantizationDPMConfinementCalculator(_CP4Calculator):"
"CondensedPhysics4.py","10618","class Ug26DFactorialAntiCollapseUg4SplitCalculator(_CP4Calculator):"
"CondensedPhysics4.py","10651","class UQFFComp26DTensorOffDiag13NSYMHubCalculator(_CP4Calculator):"
"CondensedPhysics4.py","10693","class FUBi26thGaussianTruncatedPolynomialBoundCalculator(_CP4Calculator):"
"CondensedPhysics4.py","10746","class BSFGRiemannCurvatureAetherMetricCalculator(_CP4Calculator):"
"CondensedPhysics4.py","10841","class BSFGGeodesicMetricCompatibilityCalculator(_CP4Calculator):"
"CondensedPhysics4.py","10927","class BSFG26DLineElementFactorialCompactificationCalculator(_CP4Calculator):"
"CondensedPhysics4.py","11013","class BSFGSymmetryGroupIsometryAnalysisCalculator(_CP4Calculator):"
"CondensedPhysics4.py","11100","class BSFGUnificationAtlasTheoremHubCalculator(_CP4Calculator):"
"CondensedPhysics4.py","11221","class BSFGEinsteinTensorFieldEquationsCalculator(_CP4Calculator):"
"CondensedPhysics4.py","11309","class BSFGHolonomyGroupParallelTransportCalculator(_CP4Calculator):"
"CondensedPhysics4.py","11404","class BSFGBlackHoleSolutionHorizonCalculator(_CP4Calculator):"
"CondensedPhysics4.py","11483","class BSFGBohrSommerfeldAetherQuantizationCalculator(_CP4Calculator):"
