script,count,status_breakdown
,26,OK=8;CE_strict=6;EXACT=6;OPEN_PREDICTIONS=4;CE=2
_session785_PMNS_solar_reactor_CV18.py,5,EXACT=3;OK=1;candidate_EXACT=1
_session201_closures.py,1,OK=1
_session202_closures.py,1,OK=1
_session203_closures.py,1,OK=1
_session204_closures.py,1,OK=1
_session205_closures.py,1,OK=1
_session206_qcalcgeom_ubs_closures.py,1,OK=1
_session207_cp_chain_closures.py,1,OK=1
_session208_wolfram_kb_primitives.py,1,OK=1
_session209_nuclear_resonance_primitives.py,1,OK=1
_session210_closures.py,1,OK=1
_session211_closures.py,1,OK=1
_session261_audit.py,1,OK_JSON=1
_session261_closures.py,1,OK=1
_session262_closures.py,1,OK=1
_session263_closures.py,1,OK=1
_session264_closures.py,1,OK=1
_session265_grok_rebuttals.py,1,OK=1
_session266_root_closure.py,1,OK=1
_session267_extended_closures.py,1,OK=1
_session268_gap_closures.py,1,OK=1
_session269_full_cascade.py,1,OK_JSON=1
_session270_271_calibrated_and_open.py,1,OK=1
_session272_forward_predictions.py,1,OK_JSON=1
_session273_lambda_hierarchy.py,1,OK=1
_session274_beta_lambda_closure.py,1,OK=1
_session275_mp_planck_closure.py,1,OK=1
_session276_chandrasekhar_closure.py,1,OK=1
_session277_beta_i_hunt.py,1,OK=1
_session277_uqff_gap_patches.py,1,OK=1
_session278_dpm_layer_counter.py,1,OK=1
_session278_me_closure.py,1,OK=1
_session279_mu_tau_closure.py,1,OK=1
_session279_um_heaviside_amplifier.py,1,OK=1
_session280_286_frontier_harvester.py,1,OK=1
_session280_ftrz_suppression.py,1,OK=1
_session280_quark_closure.py,1,OK_JSON=1
_session280_verify.py,1,OK=1
_session281_neutrino_hunt.py,1,OK=1
_session281_verify.py,1,OK=1
_session282_alma_molecular_gas.py,1,OK=1
_session282_newton_G_closure.py,1,OK=1
_session283_finetune.py,1,OK=1
_session283_gw190425_bayesian.py,1,OK=1
_session283_verify.py,1,OK=1
_session284_seesaw_MR.py,1,OK=1
_session284_snr_shock_velocity.py,1,OK=1
_session285_CKM_closure.py,1,OK=1
_session285_p_vs_np_conjecture_tag.py,1,OK=1
_session286_PMNS_closure.py,1,OK=1
_session286_tde_mass_rate.py,1,OK=1
_session287_proton_radius_higgs.py,1,OK=1
_session287_rho_vac_scm_derivation_chain.py,1,OK=1
_session288_gauge_couplings.py,1,OK=1
_session288_universal_buoyancy_simultaneous_solver.py,1,OK=1
_session289_cosmology.py,1,OK=1
_session289_dpm_foundational_kernel.py,1,OK=1
_session290_dark_sector_inflation.py,1,OK=1
_session290_field_generator_lab_plasma_validation.py,1,OK=1
_session291_muon_g2.py,1,OK=1
_session291_orion_h2o_ice_formation_rate.py,1,OK=1
_session292_chandra_flux_to_param.py,1,OK=1
_session292_cosmological_constant.py,1,OK=1
_session293_hubble_tension_split.py,1,OK=1
_session293_neutrino_gw_coupling.py,1,OK=1
_session294_high_z_quasar_batch.py,1,OK=1
_session294_neutron_lifetime.py,1,OK=1
_session295_cooling_flow_mass_accretion.py,1,OK=1
_session295_lithium7_problem.py,1,OK=1
_session296_302_millennium_harvester.py,1,OK=1
_session296_magnetar_thermal_coupling.py,1,OK=1
_session296_millennium_poincare_perelman.py,1,OK=1
_session297_millennium_riemann.py,1,OK=1
_session297_orion_habitable_zone.py,1,OK=1
_session298_alma_molecular_gas.py,1,OK=1
_session298_millennium_p_vs_np.py,1,OK=1
_session299_gw190425_mass_gap_errors.py,1,OK=1
_session299_millennium_yang_mills.py,1,OK=1
_session300_millennium_navier_stokes.py,1,OK=1
_session300_snr_shock_velocity.py,1,OK=1
_session301_millennium_hodge.py,1,OK=1
_session301_pnp_conjecture_anchor.py,1,OK=1
_session302_millennium_bsd.py,1,OK=1
_session302_tde_rate_mass.py,1,OK=1
_session303_paradox_amps_firewall.py,1,OK_JSON=1
_session303_universal_buoyancy_solver.py,1,OK=1
_session304_paradox_boltzmann_brain.py,1,OK_JSON=1
_session304_rho_vac_scm_derivation.py,1,OK=1
_session305_paradox_frauchiger_renner.py,1,OK=1
_session306_paradox_loschmidt.py,1,OK=1
_session307_paradox_maxwell_demon.py,1,OK=1
_session308_paradox_bell_tsirelson.py,1,OK=1
_session309_paradox_banach_tarski.py,1,OK=1
_session310_open_cosmological_constant.py,1,OK=1
_session311_open_hierarchy_problem.py,1,OK=1
_session312_open_strong_cp.py,1,OK=1
_session313_open_baryogenesis.py,1,OK=1
_session314_open_dark_matter.py,1,OK=1
_session315_open_dark_energy.py,1,OK=1
_session316_open_neutrino_mass.py,1,OK=1
_session317_qg_bh_singularity.py,1,OK=1
_session318_qg_firewall.py,1,OK=1
_session319_qg_bigbang.py,1,OK=1
_session320_qg_holography.py,1,OK=1
_session321_qg_ctc.py,1,OK=1
_session322_qg_eperer.py,1,OK=1
_session323_qg_born.py,1,OK=1
_session324_sm_generations.py,1,OK=1
_session325_sm_masses.py,1,OK=1
_session326_sm_ckm_pmns.py,1,OK=1
_session327_sm_proton_decay.py,1,OK=1
_session328_sm_g2.py,1,OK=1
_session329_sm_wmass.py,1,OK=1
_session330_sm_flavor.py,1,OK=1
_session331_cosmo_h0.py,1,OK=1
_session332_cosmo_s8.py,1,OK=1
_session333_cosmo_li7.py,1,OK=1
_session334_cosmo_axis.py,1,OK=1
_session335_cosmo_edges.py,1,OK=1
_session336_cosmo_ns.py,1,OK=1
_session337_cosmo_inflation.py,1,OK=1
_session338_math_goldbach.py,1,OK=1
_session339_math_twinprime.py,1,OK=1
_session340_math_abc.py,1,OK=1
_session341_math_collatz.py,1,OK=1
_session342_math_beal.py,1,OK=1
_session343_352_paper1189_chemistry.py,1,OK=1
_session343_chem_fine_structure.py,1,OK=1
_session344_chem_mp_me_ratio.py,1,OK=1
_session345_chem_rydberg.py,1,OK=1
_session346_chem_bohr_radius.py,1,OK=1
_session347_chem_weinberg.py,1,OK=1
_session348_chem_alpha_s.py,1,OK=1
_session349_chem_stefan_boltzmann.py,1,OK=1
_session350_chem_h2_bond.py,1,OK=1
_session351_chem_periodic_table.py,1,OK=1
_session352_chem_h_ionization.py,1,OK=1
_session353_math_catalan.py,1,OK=1
_session354_math_apery.py,1,OK=1
_session355_math_khinchin.py,1,OK=1
_session356_math_feigenbaum.py,1,OK=1
_session357_math_euler_mascheroni.py,1,OK=1
_session358_math_glaisher.py,1,OK=1
_session359_math_zeta_basel.py,1,OK=1
_session360_math_twin_prime.py,1,OK=1
_session361_math_brun.py,1,OK=1
_session362_math_mills.py,1,OK=1
_session363_cosmo_baryon_asymmetry.py,1,OK=1
_session364_cosmo_bao_sound_horizon.py,1,OK=1
_session365_cosmo_sigma8.py,1,OK=1
_session366_cosmo_reionization.py,1,OK=1
_session367_cosmo_helium.py,1,OK=1
_session368_cosmo_deuterium.py,1,OK=1
_session369_cosmo_lithium.py,1,OK=1
_session370_cosmo_neff.py,1,OK=1
_session371_cosmo_tcmb.py,1,OK=1
_session372_cosmo_omega_m.py,1,OK=1
_session373_sm_delta_cp.py,1,OK=1
_session374_sm_jarlskog.py,1,OK=1
_session375_sm_theta23.py,1,OK=1
_session376_sm_top_yukawa.py,1,OK=1
_session377_sm_higgs_lambda.py,1,OK=1
_session378_sm_alpha_s.py,1,OK=1
_session379_sm_cabibbo.py,1,OK=1
_session380_sm_proton_g.py,1,OK=1
_session381_sm_mt_mw.py,1,OK=1
_session382_sm_mh_mt.py,1,OK=1
_session383_astro_chandrasekhar.py,1,OK=1
_session384_astro_tov_max.py,1,OK=1
_session385_astro_photon_sphere.py,1,OK=1
_session386_astro_isco.py,1,OK=1
_session387_astro_bh_entropy.py,1,OK=1
_session388_astro_wd_exponent.py,1,OK=1
_session389_astro_grav_binding.py,1,OK=1
_session390_astro_salpeter_imf.py,1,OK=1
_session391_astro_ns_compactness.py,1,OK=1
_session392_astro_solar_schwarzschild.py,1,OK=1
_session393_cm_bcs_gap.py,1,OK=1
_session394_cm_wilson.py,1,OK=1
_session395_cm_wiedemann_franz.py,1,OK=1
_session396_cm_von_klitzing.py,1,OK=1
_session397_cm_coherence_length.py,1,OK=1
_session398_cm_bec_tc.py,1,OK=1
_session399_cm_zeta3.py,1,OK=1
_session400_cm_isotope.py,1,OK=1
_session401_cm_brinkman_rice.py,1,OK=1
_session402_cm_xy_exponent.py,1,OK=1
_session403_bio_dna_pitch.py,1,OK=1
_session404_bio_atp.py,1,OK=1
_session405_bio_codon_redundancy.py,1,OK=1
_session406_bio_kleiber.py,1,OK=1
_session407_bio_hill.py,1,OK=1
_session408_bio_photosynthesis.py,1,OK=1
_session409_bio_chlorophyll.py,1,OK=1
_session410_bio_telomere.py,1,OK=1
_session411_bio_redfield.py,1,OK=1
_session412_bio_phyllotaxis.py,1,OK=1
_session413_plasma_iter_aspect.py,1,OK=1
_session414_plasma_troyon.py,1,OK=1
_session415_plasma_triple_product.py,1,OK=1
_session416_plasma_coulomb_log.py,1,OK=1
_session417_plasma_bohm.py,1,OK=1
_session418_plasma_safety_q.py,1,OK=1
_session419_plasma_iter_Q.py,1,OK=1
_session420_plasma_dt_peak.py,1,OK=1
_session421_plasma_lawson.py,1,OK=1
_session422_plasma_sheath.py,1,OK=1
_session423_geo_j2.py,1,OK=1
_session424_geo_scale_height.py,1,OK=1
_session425_geo_magnetopause.py,1,OK=1
_session426_geo_lapse.py,1,OK=1
_session427_geo_obliquity.py,1,OK=1
_session428_geo_greenhouse.py,1,OK=1
_session429_geo_salinity.py,1,OK=1
_session430_geo_earth_moon.py,1,OK=1
_session431_geo_brunt_vaisala.py,1,OK=1
_session432_geo_pressure.py,1,OK=1
_session433_part_baryogenesis.py,1,OK=1
_session434_part_proton_lifetime.py,1,OK=1
_session435_part_neutrino_mass.py,1,OK=1
_session436_part_sterile_neutrino.py,1,OK=1
_session437_part_axion.py,1,OK=1
_session438_part_wimp.py,1,OK=1
_session439_part_eta_gg.py,1,OK=1
_session440_part_top_yukawa.py,1,OK=1
_session441_part_higgs.py,1,OK=1
_session442_part_pmns_t12.py,1,OK=1
_session443_info_ln2.py,1,OK=1
_session444_info_log2e.py,1,OK=1
_session445_info_pi_over_2.py,1,OK=1
_session446_info_surface_code.py,1,OK=1
_session447_info_euler_mascheroni.py,1,OK=1
_session448_info_catalan.py,1,OK=1
_session449_info_ln10.py,1,OK=1
_session450_info_omega_lambert.py,1,OK=1
_session451_info_khinchin.py,1,OK=1
_session452_info_sqrt_2pi.py,1,OK=1
_session453_gr_mercury.py,1,OK=1
_session454_gr_light_bending.py,1,OK=1
_session455_gr_shapiro.py,1,OK=1
_session456_gr_gpb_geodetic.py,1,OK=1
_session457_gr_gpb_frame_drag.py,1,OK=1
_session458_gr_hulse_taylor.py,1,OK=1
_session459_gr_bh_shadow.py,1,OK=1
_session460_gr_photon_sphere.py,1,OK=1
_session461_gr_nanograv.py,1,OK=1
_session462_gr_kerr_isco.py,1,OK=1
_session463_si_bandgap.py,1,OK=1
_session464_gaas_bandgap.py,1,OK=1
_session465_diamond_bandgap.py,1,OK=1
_session466_bcs_ratio.py,1,OK=1
_session467_lorenz_number.py,1,OK=1
_session468_abrikosov_angle.py,1,OK=1
_session469_n_water.py,1,OK=1
_session470_stefan_boltzmann.py,1,OK=1
_session471_qhe_plateau.py,1,OK=1
_session472_avogadro.py,1,OK=1
_session473_h_alpha.py,1,OK=1
_session474_lyman_alpha.py,1,OK=1
_session475_fine_structure.py,1,OK=1
_session476_rydberg.py,1,OK=1
_session477_h_ionization.py,1,OK=1
_session478_bohr_radius.py,1,OK=1
_session479_hartree.py,1,OK=1
_session480_compton.py,1,OK=1
_session481_classical_e_radius.py,1,OK=1
_session482_planck.py,1,OK=1
_session483_binding_max.py,1,OK=1
_session484_magic_2.py,1,OK=1
_session485_magic_8.py,1,OK=1
_session486_magic_20.py,1,OK=1
_session487_magic_28.py,1,OK=1
_session488_magic_50.py,1,OK=1
_session489_magic_82.py,1,OK=1
_session490_magic_126.py,1,OK=1
_session491_deuteron.py,1,OK=1
_session492_alpha_binding.py,1,OK=1
_session493_reynolds_crit.py,1,OK=1
_session494_sound_speed.py,1,OK=1
_session495_von_karman.py,1,OK=1
_session496_strouhal.py,1,OK=1
_session497_prandtl.py,1,OK=1
_session498_sphere_drag.py,1,OK=1
_session499_kolmogorov.py,1,OK=1
_session500_log_law_B.py,1,OK=1
_session501_knudsen.py,1,OK=1
_session502_bond_number.py,1,OK=1
_session503_kepler_packing.py,1,OK=1
_session504_circle_packing.py,1,OK=1
_session505_catalan_C4.py,1,OK=1
_session506_catalan_C5.py,1,OK=1
_session507_buckyball_faces.py,1,OK=1
_session508_cantor_hausdorff.py,1,OK=1
_session509_sierpinski_hausdorff.py,1,OK=1
_session510_dodecahedron.py,1,OK=1
_session511_tetra_dihedral.py,1,OK=1
_session512_buckyball_vertices.py,1,OK=1
_session513_galilean_moons.py,1,OK=1
_session514_planets_pluto.py,1,OK=1
_session515_solar_cycle.py,1,OK=1
_session516_bode_earth.py,1,OK=1
_session517_bode_mercury.py,1,OK=1
_session518_bode_mars.py,1,OK=1
_session519_halley_period.py,1,OK=1
_session520_saturn_obliquity.py,1,OK=1
_session521_jupiter_period.py,1,OK=1
_session522_saturn_period.py,1,OK=1
_session523_pareto.py,1,OK=1
_session524_kleiber.py,1,OK=1
_session525_hill.py,1,OK=1
_session526_harmonic_h2.py,1,OK=1
_session527_phyllotaxis.py,1,OK=1
_session528_dna_bp_turn.py,1,OK=1
_session529_chromosomes.py,1,OK=1
_session530_amino_acids.py,1,OK=1
_session531_codons.py,1,OK=1
_session532_heart_rate.py,1,OK=1
_session533_e.py,1,OK=1
_session534_e_squared.py,1,OK=1
_session535_pi_over_4.py,1,OK=1
_session536_gamma.py,1,OK=1
_session537_ln_2.py,1,OK=1
_session538_ln_10.py,1,OK=1
_session539_catalan.py,1,OK=1
_session540_apery.py,1,OK=1
_session541_pi_squared.py,1,OK=1
_session542_zeta_2.py,1,OK=1
_session543_mp_me.py,1,OK=1
_session544_mmu_me.py,1,OK=1
_session545_mtau_me.py,1,OK=1
_session546_mtau_mmu.py,1,OK=1
_session547_higgs.py,1,OK=1
_session548_W_Z.py,1,OK=1
_session549_mn_mp.py,1,OK=1
_session550_mp_MeV.py,1,OK=1
_session551_me_MeV.py,1,OK=1
_session552_alpha.py,1,OK=1
_session553_CO2.py,1,OK=1
_session554_lapse.py,1,OK=1
_session555_scaleH.py,1,OK=1
_session556_solar.py,1,OK=1
_session557_salinity.py,1,OK=1
_session558_pressure.py,1,OK=1
_session559_albedo.py,1,OK=1
_session560_greenhouse.py,1,OK=1
_session561_tropopause.py,1,OK=1
_session562_ozone.py,1,OK=1
_session563_g.py,1,OK=1
_session564_steelYield.py,1,OK=1
_session565_concreteFc.py,1,OK=1
_session566_steelE.py,1,OK=1
_session567_concreteRho.py,1,OK=1
_session568_steelRho.py,1,OK=1
_session569_alRho.py,1,OK=1
_session570_woodRho.py,1,OK=1
_session571_mohs.py,1,OK=1
_session572_sound.py,1,OK=1
_session573_moon.py,1,OK=1
_session574_AU.py,1,OK=1
_session575_pcly.py,1,OK=1
_session576_hubble.py,1,OK=1
_session577_sunRadius.py,1,OK=1
_session578_AUgm.py,1,OK=1
_session579_sunMass.py,1,OK=1
_session580_jupiter.py,1,OK=1
_session581_year.py,1,OK=1
_session582_lunarMonth.py,1,OK=1
_session583_avogadro.py,1,OK=1
_session584_R.py,1,OK=1
_session585_H.py,1,OK=1
_session586_C.py,1,OK=1
_session587_O.py,1,OK=1
_session588_N.py,1,OK=1
_session589_kB.py,1,OK=1
_session590_h.py,1,OK=1
_session591_eV.py,1,OK=1
_session592_H2O.py,1,OK=1
_session593_bodyTemp.py,1,OK=1
_session594_bloodPH.py,1,OK=1
_session595_hemoglobin.py,1,OK=1
_session596_heartRate.py,1,OK=1
_session597_systolic.py,1,OK=1
_session598_diastolic.py,1,OK=1
_session599_breathing.py,1,OK=1
_session600_glucose.py,1,OK=1
_session601_DNA.py,1,OK=1
_session602_height.py,1,OK=1
_session603_Rearth.py,1,OK=1
_session604_core.py,1,OK=1
_session605_crust.py,1,OK=1
_session606_ocean.py,1,OK=1
_session607_moho.py,1,OK=1
_session608_mariana.py,1,OK=1
_session609_everest.py,1,OK=1
_session610_karman.py,1,OK=1
_session611_earthAge.py,1,OK=1
_session612_orbitalV.py,1,OK=1
_session613_Z0.py,1,OK=1
_session614_alpha.py,1,OK=1
_session615_eps0.py,1,OK=1
_session616_mu0.py,1,OK=1
_session617_ke.py,1,OK=1
_session618_bohr.py,1,OK=1
_session619_rydberg.py,1,OK=1
_session620_compton.py,1,OK=1
_session621_ge.py,1,OK=1
_session622_bohrMag.py,1,OK=1
_session623_rydbergE.py,1,OK=1
_session624_stefan.py,1,OK=1
_session625_wien.py,1,OK=1
_session626_faraday.py,1,OK=1
_session627_avogadro.py,1,OK=1
_session628_kB.py,1,OK=1
_session629_planck.py,1,OK=1
_session630_c.py,1,OK=1
_session631_e.py,1,OK=1
_session632_hartree.py,1,OK=1
_session633_pi.py,1,OK=1
_session634_e.py,1,OK=1
_session635_goldenRatio.py,1,OK=1
_session636_gamma.py,1,OK=1
_session637_sqrt2.py,1,OK=1
_session638_sqrt3.py,1,OK=1
_session639_sqrt5.py,1,OK=1
_session640_ln2.py,1,OK=1
_session641_ln10.py,1,OK=1
_session642_zeta3.py,1,OK=1
_session643_omegaM.py,1,OK=1
_session644_omegaL.py,1,OK=1
_session645_TCMB.py,1,OK=1
_session646_ageGyr.py,1,OK=1
_session647_omegaB.py,1,OK=1
_session648_H0.py,1,OK=1
_session649_sigma8.py,1,OK=1
_session650_nS.py,1,OK=1
_session651_zRecomb.py,1,OK=1
_session652_zReion.py,1,OK=1
_session653_W.py,1,OK=1
_session654_Z.py,1,OK=1
_session655_top.py,1,OK=1
_session656_Higgs.py,1,OK=1
_session657_b.py,1,OK=1
_session658_charm.py,1,OK=1
_session659_tau.py,1,OK=1
_session660_muon.py,1,OK=1
_session661_strange.py,1,OK=1
_session662_electron.py,1,OK=1
_session663_Fe56.py,1,OK=1
_session664_Ni62.py,1,OK=1
_session665_He4.py,1,OK=1
_session666_U235.py,1,OK=1
_session667_U238.py,1,OK=1
_session668_C12.py,1,OK=1
_session669_O16.py,1,OK=1
_session670_Pb208.py,1,OK=1
_session671_H3.py,1,OK=1
_session672_deuteron.py,1,OK=1
_session673_Earth_mass.py,1,OK=1
_session674_Earth_radius.py,1,OK=1
_session675_Earth_g.py,1,OK=1
_session676_Earth_escape.py,1,OK=1
_session677_Earth_MoI.py,1,OK=1
_session678_Earth_orb_v.py,1,OK=1
_session679_Earth_year.py,1,OK=1
_session680_Moon_dist.py,1,OK=1
_session681_Moon_mass.py,1,OK=1
_session682_Earth_density.py,1,OK=1
_session683_lagrangian_primitives.py,1,OK=1
_session684_closure_to_sector_bridge.py,1,OK=1
_session684_KK_AU_per_1e10_m.py,1,OK=1
_session685_KK_Sun_mass_per_1e29_kg.py,1,OK=1
_session686_KK_Earth_orbit_v_per_km_s.py,1,OK=1
_session687_KK_Sun_radius_per_1e8_m.py,1,OK=1
_session688_KK_Jupiter_mass_per_1e27_kg.py,1,OK=1
_session689_KK_Earth_radius_per_1e6_m.py,1,OK=1
_session690_KK_Moon_orbital_period_per_day.py,1,OK=1
_session691_KK_sidereal_year_per_100_day.py,1,OK=1
_session692_KK_Mars_orbit_AU.py,1,OK=1
_session693_KK_Mercury_year_per_10_day.py,1,OK=1
_session694_alpha_forward_derivation.py,1,OK=1
_session695_4pi_coset_derivation.py,1,OK=1
_session696_2loop_kk_closure.py,1,OK=1
_session697_c2_exact_decomposition.py,1,OK=1
_session698_so2dpm_selection_rule.py,1,OK=1
_session699_3loop_tail_bound.py,1,OK=1
_session700_alpha_chain_convergence.py,1,OK=1
_session701_c_tree_derivation.py,1,OK=1
_session702_c_tree_layered_dpm.py,1,OK=1
_session703_c_2loop_coefficient.py,1,OK=1
_session704_c_3loop_tail_bound.py,1,OK=1
_session705_universal_loop_factorial_rule.py,1,OK=1
_session706_loop_factorial_n4.py,1,OK=1
_session707_so2_dpm_geometric_phase.py,1,OK=1
_session708_so2_dpm_rank_refined.py,1,OK=1
_session709_mu_chain_opening.py,1,OK=1
_session710_mu_2loop.py,1,OK=1
_session711_mu_3loop_finite_polynomial.py,1,OK=1
_session712_mu_4loop_termination_test.py,1,OK=1
_session713_alpha_4loop_borel_test.py,1,OK=1
_session714_alpha_c3_locked_candidate_hunt.py,1,OK=1
_session715_alpha_4loop_locked_candidate.py,1,OK=1
_session716_mu_5loop_ratio_rule_validation.py,1,OK=1
_session717_alpha_class_universality_test.py,1,OK=1
_session718_c_chain_class_assignment.py,1,OK=1
_session719_hbar_dimensional_class_probe.py,1,OK=1
_session720_hbar_classIV_nogo_and_L_SCM_promotion.py,1,OK=1
_session721_classV_G_and_LSCM_MSCM_proportionality.py,1,OK=1
_session722_K_G_prefactor_search.py,1,OK=1
_session723_K_G_locked_rational.py,1,OK=1
_session724_classVI_Lambda_opening.py,1,OK=1
_session725_cosmological_hierarchy_probe.py,1,OK=1
_session726_LH_tighten_locked_closure.py,1,OK=1
_session727_LH42_Lambda_closure.py,1,OK=1
_session728_triple_track_consolidation.py,1,OK=1
_session729_H0_eta_hbar_consolidation.py,1,OK=1
_session730_Dcrit7_TCMB_Hubble.py,1,OK=1
_session731_TCMB_OmegaX_motifs.py,1,OK=1
_session732_classX_BAO_audit.py,1,OK=1
_session733_residual_hierarchy_OmegaB_BAO_crosscheck.py,1,OK=1
_session734_classXII_tighten_HubbleTension_residual.py,1,OK=1
_session735_universal_residual_HubbleInvariant_sigma8.py,1,OK=1
_session736_delta_univ_classXV_ns_S8_check.py,1,OK=1
_session737_delta_dress_classXVI_alphas_VII_decompose.py,1,OK=1
_session738_globalR_classXVII_r_alphas_identity.py,1,OK=1
_session739_R_xi_classXVIII_OmegaLambda_betas.py,1,OK=1
_session740_xi_refine_classXIX_age_gammas.py,1,OK=1
_session741_t0_refine_zeq_classXX_ell1.py,1,OK=1
_session742_higher_peaks_t0_exact_classXXII_rs.py,1,OK=1
_session743_rs_silk_As.py,1,OK=1
_session744_As_refine_kD_Neff.py,1,OK=1
_session745_As_kD_exact_Yp.py,1,OK=1
_session746_DH_kD_As.py,1,OK=1
_session747_LiH_As_DH.py,1,OK=1
_session748_LiH_He3_eta.py,1,OK=1
_session749_eta_Yp_T0.py,1,OK=1
_session750_eta_T0_H0.py,1,OK=1
_session751_T0_Hratio_sigma8_Omegam.py,1,OK=1
_session752_T0reform_sigma8KiDS_OmegaL.py,1,OK=1
_session753_sigma8push_wDE_Obh2.py,1,OK=1
_session754_Obh2push_zeq_rs.py,1,OK=1
_session755_Obh2unblock_t0_tau.py,1,OK=1
_session756_tauCE_zstar_Neff.py,1,OK=1
_session757_tau_zstar_DH.py,1,OK=1
_session758_mpme_alphaS_Omh2.py,1,OK=1
_session759_tau_zstar_Oc_kpivot.py,1,OK=1
_session760_Och2_mnu_As.py,1,OK=1
_session761_As_obratio_eta.py,1,OK=1
_session762_H0_rdrag_gammaPPN.py,1,OK=1
_session763_NeffBBN_OmK_zreion_dCP.py,1,OK=1
_session764_crossval_omnu_zBAO_etab.py,1,OK=1
_session765_Aplanck_tau_S8_etabwiden.py,1,OK=1
_session766_AL_w0_wa_Hz.py,1,OK=1
_session767_BAO_distance_suite.py,1,OK=1
_session768_BAO_z051_z061.py,1,OK=1
_session769_struct_amp_anchors.py,1,OK=1
_session770_matter_radiation_acoustic.py,1,OK=1
_session771_inflation_reion_age_CV4.py,1,OK=1
_session772_running_zdec_DH_CV5.py,1,OK=1
_session773_zeq_BAO_nu_CV6.py,1,OK=1
_session774_Rstar_DV015_fs8_CV7.py,1,OK=1
_session775_teq_keq_mnu_CV8.py,1,OK=1
_session776_zdrag_theta_OmDE_CV9.py,1,OK=1
_session777_SMsector_CV10.py,1,OK=1
_session778_SMmasses_CV11.py,1,OK=1
_session779_quarks_CKM_CV12.py,1,OK=1
_session780_Higgs_gravity_CV13.py,1,OK=1
_session781_cosmoconst_entropy_CV14.py,1,OK=1
_session782_lambdaH_yt_etaB_CV15.py,1,OK=1
_session783_sinW_alphasGUT_rho_CV16.py,1,OK=1
_session784_MGUT_Dm2atm_PMNS_CV17.py,1,OK=1
_chain_trace_26layer.py,1,OK=1
_chain_trace_C.py,1,PARSE_FAIL=1
_chain_trace_C_particles.py,1,PARSE_FAIL=1
_chain_trace_fix348.py,1,OK=1
_chain_trace_fix56_7_910.py,1,PARSE_FAIL=1
_chain_trace_np_split.py,1,OK=1
_chain_trace_SSq.py,1,OK=1
_constant_derivation_attempt.py,1,PARSE_FAIL=1
_constant_derivation_v2.py,1,PARSE_FAIL=1
_constant_derivation_v3.py,1,OK=1
_K_Mex_REAL_derivation.py,1,PARSE_FAIL=1
_lagrangian_rederivation_outline.py,1,OK=1
_PAPER_1065_1066_variational_audit.py,1,PARSE_FAIL=1
_PAPER_1183_first_principles_derivation.py,1,PARSE_FAIL=1
_variational_sustainability_solution.py,1,OK=1
bsm_bounds_derivation.py,1,PARSE_FAIL=1
buoyancy_lagrangian_eom.py,1,PARSE_FAIL=1
et_full_lagrangian.py,1,OK=1
first_principles_derivation.py,1,PARSE_FAIL=1
lagrangian_re_runner.py,1,PARSE_FAIL=1
qcalcgeom_core_derivation.py,1,OK=1
thorne_morris_exotic_derivation.py,1,OK=1
uqff_lagrangian_derivation.py,1,PARSE_FAIL=1
UQFF_UNIFIED_CLOSURE_DERIVATIONS.py,1,OK=1
variational_reversal_condition.py,1,PARSE_FAIL=1
vds_dvp_bsh_symbolic_proofs.py,1,OK=1
_six_anchor_closures.py,1,OK=1
_matter_density_closures.py,1,OK=1
_cosmological_closures.py,1,OK=1
_lambda_closure_v1.py,1,PARSE_FAIL=1
