observable,domain,owner_geometry,qg_sym,qg_num,qg_dis,bsfg_sym,bsfg_num,bsfg_dis,dpm_sym,dpm_num,dpm_dis,d26_sym,d26_num,d26_dis,owner_N,total_N,primary_source
BH_seed_mass,astro,d26,,,,,,,,,,EXACT,EXACT,EXACT,3,3,PAPER_1650
CM_Apery_zeta3,CM,d26,,,,,,,,,,0.1711%,0.1711%,0.1711%,3,3,PAPER_1167
CM_BCS_coherence_length_coeff,CM,dpm,,,,,,,0.2125%,0.2125%,0.2125%,,,,3,3,PAPER_1167
CM_BCS_gap_ratio,CM,dpm,,,,,,,0.3496%,0.3496%,0.3496%,,,,3,3,PAPER_1167
CM_BCS_isotope_alpha,CM,dpm,,,,,,,EXACT,EXACT,EXACT,,,,3,3,PAPER_1167
CM_BEC_Tc_coeff,CM,dpm,,,,,,,0.3774%,0.3774%,0.3774%,,,,3,3,PAPER_1167
CM_Brinkman_Rice_U_c_W,CM,dpm,,,,,,,EXACT,EXACT,EXACT,,,,3,3,PAPER_1167
CM_Sommerfeld_Wilson_R_W,CM,dpm,,,,,,,EXACT,EXACT,EXACT,,,,3,3,PAPER_1167
CM_Wiedemann_Franz_L_coeff,CM,dpm,,,,,,,0.2978%,0.2978%,0.2978%,,,,3,3,PAPER_1167
CM_XY_3D_nu_exponent,CM,bsfg,,,,EXACT,EXACT,EXACT,,,,,,,3,3,PAPER_1167
CM_log_R_K_von_Klitzing,CM,dpm,,,,,,,0.3286%,0.3286%,0.3286%,,,,3,3,PAPER_1167
Clifford_qualia_states,SM,d26,,,,,,,,,,EXACT,EXACT,EXACT,3,3,PAPER_1666
GR_BH_shadow_r_M,GR,bsfg,,,,0.0539%,0.0539%,0.0539%,,,,,,,3,3,PAPER_1149
GR_GPB_frame_drag,GR,bsfg,,,,0.0850%,0.0850%,0.0850%,,,,,,,3,3,PAPER_1149
GR_GPB_geodetic,GR,bsfg,,,,0.0399%,0.0399%,0.0399%,,,,,,,3,3,PAPER_1149
GR_Hulse_Taylor_ratio,GR,bsfg,,,,0.0502%,0.0502%,0.0502%,,,,,,,3,3,PAPER_1149
GR_Kerr_ISCO_extremal,GR,bsfg,,,,EXACT,EXACT,EXACT,,,,,,,3,3,PAPER_1149
GR_Mercury_perihelion,GR,bsfg,,,,0.0136%,0.0136%,0.0136%,,,,,,,3,3,PAPER_1149
GR_NANOGrav_h_c,GR,qcalcgeom,0.0278%,0.0278%,0.0278%,,,,,,,,,,3,3,PAPER_1149
GR_Shapiro_delay_coeff,GR,bsfg,,,,EXACT,EXACT,EXACT,,,,,,,3,3,PAPER_1149
GR_light_bending_solar_limb,GR,bsfg,,,,0.0666%,0.0666%,0.0666%,,,,,,,3,3,PAPER_1149
GR_photon_sphere_r_M,GR,bsfg,,,,EXACT,EXACT,EXACT,,,,,,,3,3,PAPER_1149
GW_memory_fraction,astro,qcalcgeom,0.0166%,0.0166%,0.0166%,,,,,,,,,,3,3,PAPER_1766
ITER_R_over_a,SI,bsfg,,,,EXACT,EXACT,EXACT,,,,,,,3,3,PAPER_1706
KK_AU_per_1e10_m,KK,dpm,,,,,,,0.3741%,0.3741%,0.3741%,,,,3,3,PAPER_1167
KK_Earth_orbit_v_per_km_s,KK,dpm,,,,,,,0.2069%,0.2069%,0.2069%,,,,3,3,PAPER_1167
KK_Earth_radius_per_1e6_m,KK,qcalcgeom,0.1179%,0.1179%,0.1179%,,,,,,,,,,3,3,PAPER_1167
KK_Jupiter_mass_per_1e27_kg,KK,qcalcgeom,0.3468%,0.3468%,0.3468%,,,,,,,,,,3,3,PAPER_1167
KK_Mars_orbit_AU,KK,qcalcgeom,0.2293%,0.2293%,0.2293%,,,,,,,,,,3,3,PAPER_1167
KK_Mercury_year_per_10_day,KK,qcalcgeom,0.2847%,0.2847%,0.2847%,,,,,,,,,,3,3,PAPER_1167
KK_Moon_orbital_period_per_day,KK,dpm,,,,,,,0.0047%,0.0047%,0.0047%,,,,3,3,PAPER_1167
KK_Sun_mass_per_1e29_kg,KK,dpm,,,,,,,0.2614%,0.2614%,0.2614%,,,,3,3,PAPER_1167
KK_Sun_radius_per_1e8_m,KK,bsfg,,,,0.4910%,0.4910%,0.4910%,,,,,,,3,3,PAPER_1167
KK_sidereal_year_per_100_day,KK,qcalcgeom,0.2638%,0.2638%,0.2638%,,,,,,,,,,3,3,PAPER_1167
LCDM_BAO_rd_H0_over_c_alternate,LCDM,d26,,,,,,,,,,0.0274%,0.0274%,0.0274%,3,3,PAPER_1156
LCDM_BAO_rd_H0_over_c_primary,LCDM,d26,,,,,,,,,,0.0093%,0.0093%,0.0093%,3,3,PAPER_1156
LCDM_D_over_H,LCDM,d26,,,,,,,,,,1.4265%,1.4265%,1.4265%,3,3,PAPER_1156
LCDM_EDGES_T21_amplitude,LCDM,d26,,,,,,,,,,0.1356%,0.1356%,0.1356%,3,3,PAPER_1761
LCDM_EDGES_extra_cooling,LCDM,d26,,,,,,,,,,4.0181%,4.0181%,4.0181%,3,3,PAPER_1156
LCDM_H0_tension_ratio,LCDM,d26,,,,,,,,,,0.0319%,0.0319%,0.0319%,3,3,PAPER_1156
LCDM_Li7_BBN_dilution,LCDM,dpm,,,,,,,3.2258%,3.2258%,3.2258%,,,,3,3,PAPER_1227
LCDM_Li7_over_H,LCDM,d26,,,,,,,,,,EXACT,EXACT,EXACT,3,3,PAPER_1156
LCDM_N_eff,LCDM,dpm,,,,,,,0.0629%,0.0629%,0.0629%,,,,3,3,PAPER_1156
LCDM_Omega_m,LCDM,dpm,,,,,,,0.2646%,0.2646%,0.2646%,,,,3,3,PAPER_1156
LCDM_T_CMB,LCDM,dpm,,,,,,,0.1203%,0.1203%,0.1203%,,,,3,3,PAPER_1156
LCDM_Y_p,LCDM,dpm,,,,,,,0.0204%,0.0204%,0.0204%,,,,3,3,PAPER_1156
LCDM_eta_B,LCDM,d26,,,,,,,,,,2.2801%,2.2801%,2.2801%,3,3,PAPER_1156
LCDM_n_s_S336,LCDM,d26,,,,,,,,,,0.0392%,0.0392%,0.0392%,3,3,PAPER_1156
LCDM_sigma8_KiDS_Planck_lift,LCDM,dpm,,,,,,,0.7937%,0.7937%,0.7937%,,,,3,3,PAPER_1156
LCDM_sigma_8_S365,LCDM,dpm,,,,,,,0.1850%,0.1850%,0.1850%,,,,3,3,PAPER_1156
LCDM_z_reion,LCDM,bsfg,,,,0.0435%,0.0435%,0.0435%,,,,,,,3,3,PAPER_1156
Pop_III_IMF_max,astro,dpm,,,,,,,EXACT,EXACT,EXACT,,,,3,3,PAPER_1652
SM_PMNS_theta_12_deg,SM,d26,,,,,,,,,,0.0848%,0.0848%,0.0848%,3,3,PAPER_1209HH
SM_alpha_s_M_Z_S378,SM,dpm,,,,,,,0.0141%,0.0141%,0.0141%,,,,3,3,PAPER_1209HH
SM_cabibbo_sin_S379,SM,dpm,,,,,,,0.0149%,0.0149%,0.0149%,,,,3,3,PAPER_1209HH
SM_cabibbo_theta_deg_S326,SM,dpm,,,,,,,1.1669%,1.1669%,1.1669%,,,,3,3,PAPER_1167
SM_delta_CP,SM,dpm,,,,,,,0.6410%,0.6410%,0.6410%,,,,3,3,PAPER_1209HH
SM_eta_gamma_gamma_BR,SM,dpm,,,,,,,0.1058%,0.1058%,0.1058%,,,,3,3,PAPER_1209HH
SM_generation_count,SM,dpm,,,,,,,EXACT,EXACT,EXACT,,,,3,3,PAPER_1167
SM_higgs_lambda_S377,SM,dpm,,,,,,,0.1063%,0.1063%,0.1063%,,,,3,3,PAPER_1209HH
SM_higgs_lambda_S441,SM,dpm,,,,,,,0.1282%,0.1282%,0.1282%,,,,3,3,PAPER_1209HH
SM_jarlskog_J,SM,dpm,,,,,,,0.4625%,0.4625%,0.4625%,,,,3,3,PAPER_1209HH
SM_mH_over_mt,SM,dpm,,,,,,,0.5016%,0.5016%,0.5016%,,,,3,3,PAPER_1209HH
SM_mt_over_mW,SM,dpm,,,,,,,0.0077%,0.0077%,0.0077%,,,,3,3,PAPER_1209HH
SM_proton_g_factor,SM,bsfg,,,,0.3408%,0.3408%,0.3408%,,,,,,,3,3,PAPER_1209HH
SM_theta_23_atm,SM,dpm,,,,,,,0.5091%,0.5091%,0.5091%,,,,3,3,PAPER_1209HH
SM_top_yukawa_S376,SM,dpm,,,,,,,0.3623%,0.3623%,0.3623%,,,,3,3,PAPER_1209HH
SM_top_yukawa_S440,SM,dpm,,,,,,,0.1330%,0.1330%,0.1330%,,,,3,3,PAPER_1209HH
SM_wimp_exponent,SM,dpm,,,,,,,EXACT,EXACT,EXACT,,,,3,3,PAPER_1209HH
alpha_inverse,SI,d26,,,,,,,,,,0.0263%,0.0263%,0.0263%,3,3,PAPER_1167
alpha_s_M_Z,SM,dpm,,,,,,,0.5743%,0.5743%,0.5743%,,,,3,3,PAPER_1167
astro_BH_entropy_coeff,astro,qcalcgeom,0.6667%,0.6667%,0.6667%,,,,,,,,,,3,3,PAPER_594
astro_Chandrasekhar_mass,astro,qcalcgeom,EXACT,EXACT,EXACT,,,,,,,,,,3,3,PAPER_1149
astro_ISCO_r_M,astro,bsfg,,,,EXACT,EXACT,EXACT,,,,,,,3,3,PAPER_1149
astro_NS_compactness,astro,qcalcgeom,0.2921%,0.2921%,0.2921%,,,,,,,,,,3,3,PAPER_1149
astro_Salpeter_IMF_alpha,astro,dpm,,,,,,,0.0709%,0.0709%,0.0709%,,,,3,3,PAPER_1149
astro_Solar_Schwarzschild_ratio,astro,bsfg,,,,0.2830%,0.2830%,0.2830%,,,,,,,3,3,PAPER_1149
astro_TOV_max_mass,astro,qcalcgeom,0.0748%,0.0748%,0.0748%,,,,,,,,,,3,3,PAPER_1149
astro_WD_radius_mass_exponent,astro,dpm,,,,,,,EXACT,EXACT,EXACT,,,,3,3,PAPER_1149
astro_grav_binding_coeff,astro,dpm,,,,,,,EXACT,EXACT,EXACT,,,,3,3,PAPER_1149
astro_photon_sphere_r_M,astro,bsfg,,,,0.5556%,0.5556%,0.5556%,,,,,,,3,3,PAPER_1149
bertrand_uniform,SI,d26,,,,,,,,,,EXACT,EXACT,EXACT,3,3,PAPER_1776
bio_ATP_hydrolysis_kJ_mol,bio,dpm,,,,,,,EXACT,EXACT,EXACT,,,,3,3,PAPER_1167
bio_DNA_pitch_bp_per_turn,bio,d26,,,,,,,,,,0.1270%,0.1270%,0.1270%,3,3,PAPER_1167
bio_Hill_coefficient_O2,bio,dpm,,,,,,,0.1488%,0.1488%,0.1488%,,,,3,3,PAPER_1167
bio_Kleiber_exponent,bio,dpm,,,,,,,EXACT,EXACT,EXACT,,,,3,3,PAPER_1167
bio_Redfield_C_N_ratio,bio,dpm,,,,,,,0.2113%,0.2113%,0.2113%,,,,3,3,PAPER_1167
bio_chlorophyll_a_peak_nm,bio,dpm,,,,,,,0.0387%,0.0387%,0.0387%,,,,3,3,PAPER_1167
bio_codon_redundancy_64_20,bio,dpm,,,,,,,0.1979%,0.1979%,0.1979%,,,,3,3,PAPER_1167
bio_photosynthesis_quantum_yield,bio,dpm,,,,,,,0.1333%,0.1333%,0.1333%,,,,3,3,PAPER_1167
bio_phyllotaxis_golden_ratio,bio,d26,,,,,,,,,,0.1618%,0.1618%,0.1618%,3,3,PAPER_1167
bio_telomere_TTAGGG_length,bio,bsfg,,,,EXACT,EXACT,EXACT,,,,,,,3,3,PAPER_1167
flat_rotation_beta_i,astro,qcalcgeom,EXACT,EXACT,EXACT,,,,,,,,,,3,3,PAPER_1756
geo_Earth_Moon_a_over_R_E,geo,qcalcgeom,0.0635%,0.0635%,0.0635%,,,,,,,,,,3,3,PAPER_1167
geo_Earth_obliquity_deg,geo,qcalcgeom,0.1348%,0.1348%,0.1348%,,,,,,,,,,3,3,PAPER_1167
geo_J2_oblateness_norm,geo,qcalcgeom,0.1293%,0.1293%,0.1293%,,,,,,,,,,3,3,PAPER_1167
geo_adiabatic_lapse_K_per_km,geo,qcalcgeom,0.0680%,0.0680%,0.0680%,,,,,,,,,,3,3,PAPER_1167
geo_atm_pressure_atm_norm,geo,qcalcgeom,0.2139%,0.2139%,0.2139%,,,,,,,,,,3,3,PAPER_1167
geo_atmospheric_scale_height_km,geo,qcalcgeom,0.0392%,0.0392%,0.0392%,,,,,,,,,,3,3,PAPER_1167
geo_brunt_vaisala_N2_s2,geo,qcalcgeom,EXACT,EXACT,EXACT,,,,,,,,,,3,3,PAPER_1167
geo_greenhouse_DeltaT_K,geo,qcalcgeom,0.2071%,0.2071%,0.2071%,,,,,,,,,,3,3,PAPER_1167
geo_magnetopause_R_E,geo,bsfg,,,,EXACT,EXACT,EXACT,,,,,,,3,3,PAPER_1167
geo_ocean_salinity_ppt,geo,qcalcgeom,0.0876%,0.0876%,0.0876%,,,,,,,,,,3,3,PAPER_1167
higgs_vev,SM,dpm,,,,,,,EXACT,EXACT,EXACT,,,,3,3,PAPER_1636
hubble_tension,LCDM,d26,,,,,,,,,,EXACT,EXACT,EXACT,3,3,PAPER_1676
m_W_alt,SM,dpm,,,,,,,EXACT,EXACT,EXACT,,,,3,3,PAPER_1686
mp_me_ratio,SI,bsfg,,,,0.0019%,0.0019%,0.0019%,,,,,,,3,3,PAPER_1167
n_s_scalar_tilt,LCDM,d26,,,,,,,,,,0.0051%,0.0051%,0.0051%,3,3,PAPER_1736
omega_lambda_6_5_SSQ,LCDM,dpm,,,,,,,EXACT,EXACT,EXACT,,,,3,3,PAPER_1696
periodic_table_periods,chem,bsfg,,,,EXACT,EXACT,EXACT,,,,,,,3,3,PAPER_1167
quantum_supremacy_qubits,SI,dpm,,,,,,,EXACT,EXACT,EXACT,,,,3,3,PAPER_1655
stefan_boltzmann_prefactor,SI,dpm,,,,,,,EXACT,EXACT,EXACT,,,,3,3,PAPER_1167
surface_code_threshold,SI,d26,,,,,,,,,,EXACT,EXACT,EXACT,3,3,PAPER_1746
weinberg_sin2,SM,dpm,,,,,,,0.1131%,0.1131%,0.1131%,,,,3,3,PAPER_1167
