primitive,canonical_name,canonical_value,canonical_units,canonical_source,observed_aliases,regime_specific_values,suspected_issues,notes
D_phys,D_PHYS,4,dimensionless,derivation_index/_primitives.py#L55; uqff_closed_constants.py#L32; first_principles_derivation.py#L51,"D_phys; D_PHYS","4 (everywhere); 26-22 (algebraic equivalent in _session208_wolfram_kb_primitives.py#L91)","none","Fully consistent. 26-22 form is intentional derivation chain."
D_BSFG,D_BSFG,6,dimensionless,derivation_index/_primitives.py#L56; uqff_closed_constants.py#L38; first_principles_derivation.py#L200,"D_BSFG; D_bsfg","6 (everywhere)","none","Fully consistent."
D_crit,D_CRIT,26,dimensionless,derivation_index/_primitives.py#L57; uqff_closed_constants.py#L31; first_principles_derivation.py#L50,"D_crit; D_CRIT","26 / 26.0","none","Polyakov critical bosonic dimension. Fully consistent."
N_ch,N_CH,9,dimensionless,derivation_index/_primitives.py#L58; _session210_closures.py#L64; _session267_extended_closures.py#L61,"N_CH (UQFF primitive); n_channels (instrumentation, distinct)","9 (UQFF channels)","none","Lowercase n_channels in ALMA/GPU code (alma_cycle12_validation.py#L112=256, source10_gpu_dpm_atlas.py#L382=2048) is a separate instrumentation variable, not the UQFF primitive."
ORD_SO5,ORD_SO5,10,dimensionless,derivation_index/_primitives.py#L59; _matter_density_closures.py#L60; _millennium_prize_audit.py#L77,"ORD_SO5; SO5_ORDER; SO5_ord; |SO(5)|; dim_SO5","10","none","Fully consistent."
Phi_res,PHI_RES,5/6 = 0.8333…,dimensionless,derivation_index/_primitives.py#L67 (Fraction(5,6) G6); uqff_closed_constants.py#L46; first_principles_derivation.py#L105,"PHI_RES; Phi_res; phi_res","5/6 = 0.8333… (G6 structural canonical); 0.84 (legacy 2-sf rounding of 5/6); 1.0 (normalised at 1.25 THz resonance peak)","Legacy 0.84 sites should migrate to 5.0/6.0 for exactness","Legacy 0.84 occurrences (~7 files): _constant_derivation_v3.py#L29; CondensedPhysics4.py#L13852,L13958,L14057,L14153; _chain_trace_C_particles.py#L32; _constant_derivation_attempt.py#L38; _constant_derivation_v2.py#L49; _lagrangian_rederivation_outline.py#L271; whitepapers/PAPER_1139#L85. Newer CP4 modules (L14883,L15188,L15414,L15651) already use 5/6."
K_Mex,K_MEX,25/12 = 2.0833…,dimensionless,derivation_index/_primitives.py#L68 (Fraction(25,12)); _cosmological_closures.py#L43; UQFF_UNIFIED_CLOSURE_DERIVATIONS.py#L296,"K_MEX; K_Mex","25/12 (universal closed-form)","none","Closed-form: K_Mex = Phi_res · |SO(5)| / D_phys = (5/6)·10/4 = 25/12. Fully consistent."
F_TRZ,F_TRZ,1/10 = 0.1,dimensionless,derivation_index/_primitives.py#L65 (Fraction(1,ORD_SO5)); first_principles_derivation.py#L116; dpm_vacuum_manifold.py#L252,"F_TRZ; f_TRZ; fTRZ","0.1 (canonical = 1/|SO(5)|); 0.01 (white-dwarf Pauli-suppressed regime); 0.06283 ≈ 2π·0.01 (TRZ modulation amplitude); 0.0 (TRZ-off testing); 1.0 (bypass/disable flag in CP1)","Document the fTRZ=1.0 bypass convention so it isn't read as a primitive value","Regime values legitimate: 0.01 in CondensedPhysics3.py#L933,L6982 is Pauli exclusion in degenerate matter (WD); 0.06283 in CondensedPhysics2.py#L45292 is TRZ modulation. fTRZ=1.0 in ~25 CP1 sites (L22025,L23306,L24939,L26545,L27489,L28042,L28735,L29196,L29757,L30552,L31262,L33063,L35388,L36402,L37108,L37838,L38446,L38965,L39630,L40247,L40748,L41632,L42228,L43452) is a 'TRZ-disabled' computational flag."
SSq,SSQ,57/100 = 0.57,dimensionless,dpm_vacuum_manifold.py#L63 (Rational(57,100)); CondensedPhysics4.py#L226; CondensedPhysics3.py#L393,"SSQ; SSq; [SSq]","0.57 (canonical, 100+ sites); 0.570 (3-dp equivalent, CP4 L38408); 0.5 (rounded 1-sf in bose_occupancy_validation.py#L133)","CondensedPhysics3.py#L13171,L13225,L14661 use 0.507 — likely typo of 0.57","Verify 0.507; if intentional alternative calibration, document the derivation source."
kappa,KAPPA,5×10^-4,day^-1,dpm_vacuum_manifold.py#L64 (Rational(5,10000)); CondensedPhysics4.py#L225; CondensedPhysics3.py#L392,"KAPPA; kappa; KAPPA_PER_DAY","5e-4 /day (canonical E_react decay); 5.787e-9 /s (canonical SI = 5e-4/86400); 1.0e-5 (stellar-profile regime); 0.001 (BH regime, CP2 L4599); 0.01 (CP4 L33639); 1.0 (dimensionless placeholder); BH surface gravity κ = c^4/(4GM) (standard GR, distinct quantity)","none","UQFF primitive κ governs reactivity decay e^(-κt). Other uses (BH surface gravity in bh_thermodynamics_module.py#L81, opacity, generic decay rates) follow standard physics notation and are physically distinct quantities — expected in a multi-regime framework."
H_SCm,H_SCM,0.99,dimensionless,CondensedPhysics4.py#L19443,L19951; bsm_bounds_derivation.py#L42; bsfg_wormhole_geodesic.py#L50; buoyancy_lagrangian_eom.py#L61,"H_SCM; H_SCm; HSCm","0.99 (canonical heliosphere factor, quiet-Sun); 1.0 (default fallback / TRZ-off); 1-(T/T_c)^4 (BCS superconductor form, quantum regime); ρv²/2·exp(-γt) (kinetic regime); 1 + factor·(SCm_vol/Ms) (volume-fraction stellar regime); ε(B<B_crit)·0.99 (Heaviside heliosphere)","none","H_SCm legitimately takes different functional forms across regimes: quantum (BCS), stellar (kinetic, volume-fraction), heliospheric (0.99), cosmological (1.0). This is the quantum→cosmological span working as designed."
v_SCm,V_SCM,1×10^8,m/s,CondensedPhysics3.py#L529; CondensedPhysics4.py#L1705; _session266_root_closure.py#L79; _session701_c_tree_derivation.py#L52; first_principles_derivation.py#L56,"V_SCM; v_SCm","1e8 m/s = c/3 anchor (canonical vacuum-state velocity); 0.99c = 2.968e8 (relativistic jet regime, e.g. J1610+1811 z=3.122); 1e6 m/s (intermediate plasma regime, CP2 L22312,L54580); V_SCm energy 1e-3…1e-20 J (BCS Cooper-pair attraction, quantum regime — distinct quantity sharing the symbol)","CondensedPhysics.py#L167940,L168780 use 3e5 m/s (sound-speed magnitude) — verify ISM sound-regime intent vs legacy","Regime values intentional: c/3 vacuum anchor, 0.99c jets, BCS V_SCm is an energy not velocity. Standard within the framework."
v_UA,V_UA,1×10^8,m/s,first_principles_derivation.py#L56; _lagrangian_rederivation_outline.py#L389,"V_UA; v_UA","1e8 m/s (canonical c/3); 1e6 (intermediate, CP2 L42211); 1e4 (planetary-core regime, whitepapers/PAPER_136#L160)","smudge_and_append_phase5.py#L59 and CondensedPhysics.py#L205181 set v_UA = 1.0e-4 m/s with 'm/s' comment — 12 orders below canonical, likely units bug","Regime values otherwise sensible. The 1.0e-4 m/s pair needs review: units error or mislabeled dimensionless coupling."
beta_i,BETA_I,6029/10000 = 0.6029,dimensionless,_session738/739/740/741/742/743/744_*.py (Fraction(6029,10000) highest-precision); first_principles_derivation.py#L264; buoyancy_lagrangian_eom.py#L60,"BETA_I; beta_i","0.6 (rounded canonical, ~30 sites); 0.603 (3-sf canonical, ~10 sites); 0.6029 (4-sf highest-precision, session738+); 0.61 (CP3 docstring L49); 0.8 (system-specific saturation override for select stars/BHs)","CondensedPhysics_backup_20260204#L3542 has 'beta_i = 1.0 # Enhanced from 0.603' — stale dev value in a backup file","Precision drift 0.6 → 0.603 → 0.6029 reflects refinement over sessions. The 0.8 override in CP1/CP2 (L195520, L196076, L196666, L1083, L1598, L2049, L2710) is an intentional system-specific saturation enhancement, not a primitive variant."
rho_vac_SCm,RHO_VAC_SCM,4√π·10^-37 ≈ 7.0898×10^-37,J/m^3,dpm_vacuum_manifold.py#L97 (G9 axiom); first_principles_derivation.py#L55; agn_feedback_module.py#L41,"RHO_VAC_SCM; RHO_SCM; rho_SCm; rho_vac_SCm","7.09e-37 J/m^3 (vacuum-energy canonical, G9); 9.47e-27 kg/m^3 (cosmological critical-density regime, CP4 L5560; fneutron L60; cosmogenesis L58); 1.60e19 J/m^3 (atomic-scale vacuum, CP4 L7740); 1.77e-9 kg/m^3 (intermediate, CP4 L19662); 1e15 kg/m^3 (relativistic-jet / NS bulk plasma, CP4 L4052; CP2 L48193,L48271,L49198,L49276); 1e-8 J/m^3 (cosmological, DPMCosmologyModule L54); 1e-26 (CP3 L13394,L13532,L13581)","CP3 1e-26 declarations lack units annotation — clarify whether kg/m^3 (cosmological ρ_crit-like) or J/m^3","Regime span is intentional and matches the framework's quantum→cosmological reach: 7.09e-37 J/m^3 SCm vacuum-energy (G9); 1e15 kg/m^3 bulk plasma in jets/NS; 1.60e19 J/m^3 atomic-scale; 9.47e-27 kg/m^3 ρ_crit tie-in. Recommend each declaration carry an inline units+regime comment."
rho_vac_UA,RHO_VAC_UA,|SO5|·ρ_SCm ≈ 7.0898×10^-36,J/m^3,dpm_vacuum_manifold.py#L98 (G7 closure); agn_feedback_module.py#L42; bh_mass_scaler_module.py#L46,"RHO_VAC_UA; rho_vac_UA","7.09e-36 J/m^3 (canonical = 10·ρ_SCm via G7); 5e-27 kg/m^3 (cosmological critical-density regime, cosmogenesis L59); 1e-11 J/m^3 (DPMCosmologyModule L53); 1.60e20 J/m^3 (atomic regime, CP4 L7821)","CondensedPhysics.py#L128867 sets rho_vac_UA = 7.09e-35 — off by factor 10 from canonical 7.09e-36, suspected order-of-magnitude typo","Other regime values intentional (cosmological/vacuum/atomic). L128867 7.09e-35 is the lone unexplained outlier."
