file,BETA_I,D_BSFG,D_CRIT,D_PHYS,F_TRZ,H_SCM,KAPPA,K_MEX,N_CH,ORD_SO5,PHI_RES,RHO_VAC_SCM,RHO_VAC_UA,SSQ,V_SCM
_session202_closures.py,,,,,,,,,,,,,,0.57,
_session205_closures.py,,,,,,,,,,,,,,0.57,
_session208_wolfram_kb_primitives.py,,,,4,,,,,,,,,,,
_session210_closures.py,"Fraction(6029, 10000)",,26,,"Fraction(1, 10)",,,,9,,"Fraction(5, 6)",,,"Fraction(57, 100)",
_session211_closures.py,0.6029,,,,0.1,,,,,,0.8333333333333334,,,0.57,
_session261_closures.py,,,,4.0,0.1,,,,,,,,CONFLICT[7.09e-36).  This is a structural boundx1|7.09e-36x1],,100000000.0
_session262_closures.py,,6.0,26.0,4.0,0.1,,,2.0833333333333335,,,0.8333333333333334,,7.09e-36,,100000000.0
_session263_closures.py,,6.0,26.0,4.0,0.1,,,2.0833333333333335,,,0.8333333333333334,,7.09e-36,0.57,100000000.0
_session264_closures.py,,6.0,26.0,4.0,,,,,,,,,7.09e-36,,100000000.0
_session265_grok_rebuttals.py,,6.0,26.0,4.0,0.1,,,2.0833333333333335,,,0.8333333333333334,,7.09e-36,0.57,100000000.0
_session266_root_closure.py,,6,26,4,0.1,,,,,,0.8333333333333334,7.09e-37,7.09e-36,0.57,100000000.0
_session267_extended_closures.py,,6,26,4,0.1,,,2.0833333333333335,9,,0.8333333333333334,,7.09e-36,0.57,100000000.0
_session268_gap_closures.py,,6,26,4,0.1,,,2.0833333333333335,9,10,0.8333333333333334,7.09e-37,7.09e-36,0.57,100000000.0
_session269_full_cascade.py,,,,,,,,,,,,7.09e-37,7.09e-36,0.57,100000000.0
_session270_271_calibrated_and_open.py,0.603          (buoyancy fraction),,,,,0.99           (Heaviside SCm factor),,25/12          (Mexican-hat coupling),,,5/6            (resonance phase),,,0.57           (super-spin coupling),
_session272_forward_predictions.py,,,,,,,,,,,,7.09e-37,7.09e-36,,
_session273_lambda_hierarchy.py,,6,26,4,CONFLICT[0.1x1|0.1.x1],,,2.0833333333333335,9,,0.8333333333333334,7.09e-37,7.09e-36,0.57,
_session274_beta_lambda_closure.py,CONFLICT[0.603  (marked OPEN in S270 as 'non-structural multiplier')x1|-log10(rho_Lambda_obs / rho_Planck) - 123 ) / F_TRZx1],,,,0.1,,,,,,,,,0.57,
_session275_mp_planck_closure.py,0.603,,,,0.1,,,,,,,,,0.57,
_session276_chandrasekhar_closure.py,,,,,0.1,,,,,,,,,0.57,
_session277_uqff_gap_patches.py,0.603,,,,,0.99,0.0005,,,,,7.09e-37,7.09e-36,0.57,
_session278_dpm_layer_counter.py,0.603,,,,,,,,,,,,,0.57,
_session278_me_closure.py,1/4 + math.exp(-25/24),,,,0.1,,,2.0833333333333335,,,0.8333333333333334,,,0.57,
_session279_mu_tau_closure.py,1/4 + math.exp(-25/24),,,,,,,,,,,,,,
_session280_quark_closure.py,1/D_phys + math.exp(-K_Mex/2),6,26,4,0.1,,,2.0833333333333335,9,,0.8333333333333334,,,0.57,
_session280_verify.py,,,,,0.1,,,2.0833333333333335,,,0.8333333333333334,,,0.57,
_session281_neutrino_hunt.py,1/D_phys + math.exp(-K_Mex/2),,,,0.1,,,2.0833333333333335,,,0.8333333333333334,,,0.57,
_session281_verify.py,,,,,0.1,,,2.0833333333333335,,,,,,,
_session282_newton_G_closure.py,,,,,0.1,,,,,,,,,0.57,
_session283_finetune.py,1/D_phys + math.exp(-K_Mex/2),,,,0.1,,,2.0833333333333335,,,0.8333333333333334,,,0.57,
_session283_verify.py,1/D_phys + math.exp(-K_Mex/2),,,,0.1,,,2.0833333333333335,,,0.8333333333333334,,,0.57,
_session284_seesaw_MR.py,1/D_phys + math.exp(-K_Mex/2),,,,0.1,,,2.0833333333333335,,,,,,0.57,
_session285_CKM_closure.py,,,,,0.1,,,2.0833333333333335,,,0.8333333333333334,,,0.57,
_session286_PMNS_closure.py,1/D_phys + math.exp(-K_Mex/2),,,,0.1,,,2.0833333333333335,,,0.8333333333333334,,,0.57,
_session287_proton_radius_higgs.py,,,,4 reduced Compton wavelengths.,0.1,,,2.0833333333333335,,,0.8333333333333334,,,0.57,
_session287_rho_vac_scm_derivation_chain.py,,,,,F_TRZ_v,,,,,,,"CONFLICT[sp.Symbol('rho_SCm', positive=True)x2|4.0 * math.sqrt(math.pi) * rho0x1]",so5_order * rho_SCm,,
_session288_gauge_couplings.py,CONFLICT[1/D_phys + exp(-K_Mex/2) = 0.6029x1|1.0/D_phys + math.exp(-K_Mex/2.0)x1],6,26,4,0.1,,,2.0833333333333335,9,,0.8333333333333334,,,0.57,
_session288_universal_buoyancy_simultaneous_solver.py,"CONFLICT[0.6029x1|float(dataset.get(""beta_i"", BETA_I))x1]",,,,0.1,,,,,,,,10.0 * RHO_SCm,,
_session289_cosmology.py,1.0/D_phys + math.exp(-K_Mex/2.0),CONFLICT[6  D_crit=26  N_ch=9  SO5=10  A5=60  beta_i=0.6029x1|6x1],26,4,CONFLICT[0.1  SSq=0.57  Phi_res=5/6  K_Mex=25/12  D_phys=4x1|0.1x1],,,2.0833333333333335,9,,0.8333333333333334,,,0.57,
_session289_dpm_foundational_kernel.py,,,,,,,,,,,,,10.0 * RHO_SCm,,
_session290_dark_sector_inflation.py,1.0/D_phys + math.exp(-K_Mex/2.0),CONFLICT[6  D_crit=26  N_ch=9  SO5=10  A5=60  beta_i=0.6029x1|6x1],26,4,CONFLICT[0.1  SSq=0.57  Phi_res=5/6  K_Mex=25/12  D_phys=4x1|0.1x1],,,2.0833333333333335,9,,0.8333333333333334,,,0.57,
_session291_muon_g2.py,,6,26,4,0.1,,,2.0833333333333335,9,,,,,0.57,
_session291_orion_h2o_ice_formation_rate.py,0.603,,,,,,,,,,,,7.0898154036e-36,,
_session292_chandra_flux_to_param.py,0.603,,,,,,,,,,,7.0898e-37,,,
_session292_cosmological_constant.py,,6,26,4,0.1,,,2.0833333333333335,,,0.8333333333333334,,,0.57,
_session293_hubble_tension_split.py,,,,4,,,,"CONFLICT[25/12 is the Mexican gauge constant, locked since the start ofx1|2.0833333333333335x1]",,,,,,,
_session293_neutrino_gw_coupling.py,0.603,,,,,,,,,,,7.0898e-37,,,
_session294_high_z_quasar_batch.py,0.603,,,,,,,,,,,7.0898e-37,,,
_session294_neutron_lifetime.py,,6,,4,0.1,,,,,,0.8333333333333334,,,0.57,
_session295_cooling_flow_mass_accretion.py,0.603,,,,,,,,,,,7.0898e-37,,,
_session295_lithium7_problem.py,,CONFLICT[6                              (BSFG hyper-radius)x1|6x1],CONFLICT[26                             (bosonic-string critical)x1|26x1],CONFLICT[4                              (physical spacetime dims)x1|4x1],CONFLICT[0.1                            (time-reversal-zone factor)x1|0.1x1],,,2.0833333333333335,,,CONFLICT[5/6                            (EW-tilt half-spinor)x1|0.8333333333333334x1],,,CONFLICT[0.57                           (sphere-square geometric)x1|0.57x1],
_session296_magnetar_thermal_coupling.py,0.603,,,,,,,,,,,7.0898e-37,,,
_session296_millennium_poincare_perelman.py,,6,26,4,0.1,,,2.0833333333333335,,,0.8333333333333334,,,0.57,
_session297_millennium_riemann.py,,6,26,4,0.1,,,2.0833333333333335,,,0.8333333333333334,,,0.57,
_session297_orion_habitable_zone.py,0.603,,,,,,,,,,,7.0898e-37,,,
_session298_alma_molecular_gas.py,0.603,,,,,,,,,,,7.0898e-37,,,
_session298_millennium_p_vs_np.py,,6,26,4,0.1,,,2.0833333333333335,9,,0.8333333333333334,,,0.57,
_session299_gw190425_mass_gap_errors.py,0.603,,,,,,,,,,,7.0898e-37,,,
_session299_millennium_yang_mills.py,,6,26,4,0.1,,,2.0833333333333335,9,,0.8333333333333334,,,0.57,
_session300_millennium_navier_stokes.py,,6,26,4,0.1,,,2.0833333333333335,,,0.8333333333333334,,,0.57,
_session300_snr_shock_velocity.py,0.603,,,,,,,,,,,7.0898e-37,,,
_session301_millennium_hodge.py,,6,26,4,0.1,,,2.0833333333333335,,,0.8333333333333334,,,0.57,
_session301_pnp_conjecture_anchor.py,0.603,,,,,,,,,,,7.0898e-37,,,
_session302_millennium_bsd.py,,6,26,4,0.1,,,2.0833333333333335,,,0.8333333333333334,,,0.57,
_session302_tde_rate_mass.py,0.603,,,,,,,,,,,7.0898e-37,,,
_session303_universal_buoyancy_solver.py,0.603,,,,,,,,,,,7.0898e-37,7.0898e-36,,
_session304_rho_vac_scm_derivation.py,CONFLICT[0.6029         (buoyancy coupling)x1|0.6029x1],CONFLICT[6              (BSFG manifold dimensions)x1|6.0x1],CONFLICT[26             (critical / string dimension)x1|26.0x1],CONFLICT[4              (physical dimensions)x1|4.0x1],CONFLICT[1/10           (time-reversal zone suppression)x1|0.1x1],,CONFLICT[5e-4           (per-day decay)x1|0.0005x1],CONFLICT[25/12          (Mexican-hat coupling)x1|2.0833333333333335x1],CONFLICT[9              (channel count)x1|9.0x1],,CONFLICT[5/6            (resonance phase)x1|0.8333333333333334x1],,K_MEX * BETA_I * F_TRZ * PHI_RES * SSQ * (PIVOT_J_m3 * 10.0),CONFLICT[57/100         (Standard Stress-quotient)x1|0.57x1],
_session308_paradox_bell_tsirelson.py,,,,4 (not higher).,,,,,,,,,,,
_session313_open_baryogenesis.py,,,,,,,,,,,5/6 -> (1 - Phi_res) = 1/6 residual.,,,,
_session323_qg_born.py,,,,,,,,,,,0.8333333333333334,,,,
_session333_cosmo_li7.py,,,,,,,,,,,0.8333333333333334,,,,
_session338_math_goldbach.py,,,,,,,,,,,0.8333333333333334,,,,
_session340_math_abc.py,,,,,,,,2.0833333333333335,,,,,,,
_session341_math_collatz.py,,,,,0.1,,,,,,,,,,
_session342_math_beal.py,,,,,,,,,,,0.8333333333333334,,,,
_session343_352_paper1189_chemistry.py,0.6029,6,,4,"Fraction(1, 10)",,,"CONFLICT[25/12, D_phys=4, D_BSFG=6, D_crit=26, N_ch=9, SO5=10, A_5=60x1|Fraction(25, 12)x1]",9,,"Fraction(5, 6)",,,,
_session344_chem_mp_me_ratio.py,,6,,,,,,,,,,,,,
_session353_math_catalan.py,,,,,,,,,,,0.8333333333333334,,,,
_session373_sm_delta_cp.py,,,,,0.1; Phi_res=5/6; K_Mex=25/12; SSq=0.57,,,,,,,,,,
_session374_sm_jarlskog.py,,,,,0.1; D_BSFG=6; K_Mex=25/12; SSq=0.57,,,,,,,,,,
_session375_sm_theta23.py,,,,,0.1; D_phys=4; SSq=0.57,,,,,,,,,,
_session376_sm_top_yukawa.py,,,,,0.1,,,,,,,,,,
_session377_sm_higgs_lambda.py,,,,,0.1; K_Mex=25/12; SSq=0.57; N_ch=9,,,,,,,,,,
_session378_sm_alpha_s.py,,,,,0.1; K_Mex=25/12; SSq=0.57; Phi_res=5/6,,,,,,,,,,
_session379_sm_cabibbo.py,,,,,0.1; K_Mex=25/12; D_phys=4,,,,,,,,,,
_session380_sm_proton_g.py,,,,,0.1; D_BSFG=6; Phi_res=5/6; D_phys=4,,,,,,,,,,
_session381_sm_mt_mw.py,,,,,0.1; K_Mex=25/12; SSq=0.57; Phi_res=5/6,,,,,,,,,,
_session382_sm_mh_mt.py,,,,,0.1; K_Mex=25/12; SSq=0.57; beta_i=0.6029,,,,,,,,,,
_session383_astro_chandrasekhar.py,,,,,0.1; D_phys=4,,,,,,,,,,
_session384_astro_tov_max.py,,,,,0.1; K_Mex=25/12; SSq=0.57; D_phys=4; Phi_res=5/6,,,,,,,,,,
_session385_astro_photon_sphere.py,,,,,0.1; K_Mex=25/12; Phi_res=5/6,,,,,,,,,,
_session386_astro_isco.py,,6,,,,,,,,,,,,,
_session387_astro_bh_entropy.py,,,,,0.1; K_Mex=25/12; D_phys=4,,,,,,,,,,
_session388_astro_wd_exponent.py,,,,,0.1; Phi_res=5/6; D_phys=4,,,,,,,,,,
_session389_astro_grav_binding.py,,,,,0.1; SSq=0.57; D_phys=4,,,,,,,,,,
_session390_astro_salpeter_imf.py,,,,,0.1; K_Mex=25/12; Phi_res=5/6; D_BSFG=6; D_phys=4,,,,,,,,,,
_session391_astro_ns_compactness.py,,,,,0.1; K_Mex=25/12; D_phys=4; SSq=0.57,,,,,,,,,,
_session392_astro_solar_schwarzschild.py,,,,,0.1; D_phys=4; SSq=0.57,,,,,,,,,,
_session393_cm_bcs_gap.py,,,,,0.1; Phi_res=5/6; SSq=0.57; K_Mex=25/12; D_phys=4; D_BSFG=6,,,,,,,,,,
_session394_cm_wilson.py,,,,,0.1; Phi_res=5/6; K_Mex=25/12,,,,,,,,,,
_session395_cm_wiedemann_franz.py,,,,,0.1; Phi_res=5/6; SSq=0.57; K_Mex=25/12; D_phys=4,,,,,,,,,,
_session396_cm_von_klitzing.py,,,,,0.1; Phi_res=5/6; SSq=0.57; D_phys=4,,,,,,,,,,
_session397_cm_coherence_length.py,,,,,0.1; Phi_res=5/6; SSq=0.57; D_phys=4,,,,,,,,,,
_session398_cm_bec_tc.py,,,,,0.1; Phi_res=5/6; K_Mex=25/12; D_phys=4,,,,,,,,,,
_session399_cm_zeta3.py,,,,,0.1; Phi_res=5/6; D_phys=4,,,,,,,,,,
_session400_cm_isotope.py,,,,,0.1; Phi_res=5/6; D_phys=4,,,,,,,,,,
_session401_cm_brinkman_rice.py,,,,,0.1; Phi_res=5/6,,,,,,,,,,
_session402_cm_xy_exponent.py,,,,4; D_BSFG=6,,,,,,,,,,,
_session403_bio_dna_pitch.py,,,,,0.1; Phi_res=5/6; SSq=0.57; SO5=10,,,,,,,,,,
_session404_bio_atp.py,,,,,0.1; Phi_res=5/6; D_phys=4; SO5=10; A_5=60,,,,,,,,,,
_session405_bio_codon_redundancy.py,,,,,0.1; Phi_res=5/6; SSq=0.57; K_Mex=25/12; D_phys=4,,,,,,,,,,
_session406_bio_kleiber.py,,,,,0.1; Phi_res=5/6,,,,,,,,,,
_session407_bio_hill.py,,,,,0.1; Phi_res=5/6; K_Mex=25/12,,,,,,,,,,
_session408_bio_photosynthesis.py,,,,,0.1; K_Mex=25/12; D_phys=4,,,,,,,,,,
_session409_bio_chlorophyll.py,,,,,,,,,,,,,,0.57; K_Mex=25/12; D_BSFG=6; SO5=10; A_5=60,
_session410_bio_telomere.py,,6,,,,,,,,,,,,,
_session411_bio_redfield.py,,,,,0.1; Phi_res=5/6; D_BSFG=6,,,,,,,,,,
_session412_bio_phyllotaxis.py,,,,,0.1; Phi_res=5/6; SSq=0.57; K_Mex=25/12,,,,,,,,,,
_session413_plasma_iter_aspect.py,,,,,0.1; D_BSFG=6,,,,,,,,,,
_session414_plasma_troyon.py,,,,,0.1; Phi_res=5/6; K_Mex=25/12; D_phys=4; SO5=10,,,,,,,,,,
_session415_plasma_triple_product.py,,,,,0.1; Phi_res=5/6; K_Mex=25/12,,,,,,,,,,
_session416_plasma_coulomb_log.py,,,,,0.1; Phi_res=5/6; K_Mex=25/12; D_phys=4; SO5=10; SSq=0.57,,,,,,,,,,
_session417_plasma_bohm.py,,,,,"Fraction(1,10); Phi_res=Fraction(5,6); K_Mex=Fraction(25,12)",,,,,,,,,,
_session418_plasma_safety_q.py,,,,,"Fraction(1,10); Phi_res=Fraction(5,6); K_Mex=Fraction(25,12)",,,,,,,,,,
_session421_plasma_lawson.py,,,,,0.1; Phi_res=5/6; K_Mex=25/12; SSq=0.57,,,,,,,,,,
_session422_plasma_sheath.py,,,,,0.1; Phi_res=5/6; K_Mex=25/12,,,,,,,,,,
_session423_geo_j2.py,,,,,0.1; Phi_res=5/6; K_Mex=25/12; SSq=0.57,,,,,,,,,,
_session424_geo_scale_height.py,,,,,0.1; Phi_res=5/6; K_Mex=25/12; SSq=0.57; SO5=10,,,,,,,,,,
_session426_geo_lapse.py,,,,,0.1; Phi_res=5/6; SO5=10,,,,,,,,,,
_session427_geo_obliquity.py,,,,,0.1; Phi_res=5/6; K_Mex=25/12; D_phys=4; SO5=10,,,,,,,,,,
_session428_geo_greenhouse.py,,,,,0.1; Phi_res=5/6; K_Mex=25/12; D_phys=4; N_ch=9,,,,,,,,,,
_session429_geo_salinity.py,,,,,0.1; K_Mex=25/12; D_phys=4; SO5=10,,,,,,,,,,
_session430_geo_earth_moon.py,,,,,0.1; Phi_res=5/6; K_Mex=25/12; A_5=60,,,,,,,,,,
_session431_geo_brunt_vaisala.py,,,,,0.1,,,,,,,,,,
_session432_geo_pressure.py,,,,,0.1; Phi_res=5/6; K_Mex=25/12,,,,,,,,,,
_session433_part_baryogenesis.py,,,,,0.1; D_BSFG=6,,,,,,,,,,
_session434_part_proton_lifetime.py,,,,,0.1; Phi_res=5/6; K_Mex=25/12; SSq=0.57,,,,,,,,,,
_session435_part_neutrino_mass.py,,,,,0.1; K_Mex=25/12,,,,,,,,,,
_session436_part_sterile_neutrino.py,,,,,0.1; Phi_res=5/6; K_Mex=25/12; SSq=0.57,,,,,,,,,,
_session437_part_axion.py,,,,,0.1; Phi_res=5/6; K_Mex=25/12; SSq=0.57; D_BSFG=6,,,,,,,,,,
_session438_part_wimp.py,,,,,"Fraction(1,10); Phi_res=Fraction(5,6); K_Mex=Fraction(25,12); D_phys=4; SO5=10",,,,,,,,,,
_session439_part_eta_gg.py,,,,,0.1; Phi_res=5/6; K_Mex=25/12; N_ch=9; SO5=10,,,,,,,,,,
_session440_part_top_yukawa.py,,,,,0.1; Phi_res=5/6; K_Mex=25/12,,,,,,,,,,
_session441_part_higgs.py,,,,,0.1; K_Mex=25/12,,,,,,,,,,
_session442_part_pmns_t12.py,,,,,0.1; Phi_res=5/6; K_Mex=25/12; D_phys=4; SO5=10; SSq=0.57,,,,,,,,,,
_session443_info_ln2.py,,,,,0.1; Phi_res=5/6; K_Mex=25/12,,,,,,,,,,
_session444_info_log2e.py,,,,,0.1; Phi_res=5/6; SSq=0.57; K_Mex=25/12,,,,,,,,,,
_session445_info_pi_over_2.py,,,,,0.1; Phi_res=5/6; SSq=0.57; K_Mex=25/12,,,,,,,,,,
_session446_info_surface_code.py,,,,,"Fraction(1,10)",,,,,,,,,,
_session447_info_euler_mascheroni.py,,,,,0.1; Phi_res=5/6; SSq=0.57,,,,,,,,,,
_session448_info_catalan.py,,,,,0.1; Phi_res=5/6; K_Mex=25/12,,,,,,,,,,
_session449_info_ln10.py,,,,,0.1; Phi_res=5/6; K_Mex=25/12,,,,,,,,,,
_session450_info_omega_lambert.py,,,,,0.1; SSq=0.57; Phi_res=5/6,,,,,,,,,,
_session451_info_khinchin.py,,,,,0.1; SSq=0.57; K_Mex=25/12,,,,,,,,,,
_session452_info_sqrt_2pi.py,,,,,0.1; SSq=0.57; Phi_res=5/6; K_Mex=25/12,,,,,,,,,,
_session453_gr_mercury.py,,,,,0.1; K_Mex=25/12; N_ch=9,,,,,,,,,,
_session454_gr_light_bending.py,,,,,0.1; Phi_res=5/6; SSq=0.57; K_Mex=25/12,,,,,,,,,,
_session455_gr_shapiro.py,,,,Fraction(4),,,,,,,,,,,
_session456_gr_gpb_geodetic.py,,,,,0.1; Phi_res=5/6; SSq=0.57; K_Mex=25/12; D_BSFG=6,,,,,,,,,,
_session457_gr_gpb_frame_drag.py,,,,,0.1; Phi_res=5/6; K_Mex=25/12,,,,,,,,,,
_session458_gr_hulse_taylor.py,,,,,0.1; Phi_res=5/6; K_Mex=25/12,,,,,,,,,,
_session459_gr_bh_shadow.py,,,,,0.1; Phi_res=5/6; K_Mex=25/12; N_ch=9; SO5=10; D_phys=4,,,,,,,,,,
_session460_gr_photon_sphere.py,,,,,"Fraction(1,10); SO5=Fraction(10); D_phys=Fraction(4)",,,,,,,,,,
_session461_gr_nanograv.py,,,,,0.1; K_Mex=25/12,,,,,,,,,,
_session462_gr_kerr_isco.py,,,,,"Fraction(1,10); SO5=Fraction(10)",,,,,,,,,,
_session463_si_bandgap.py,,,,,1/10; Phi_res=5/6; K_Mex=25/12,,,,,,,,,,
_session464_gaas_bandgap.py,,,,,1/10; Phi_res=5/6; SSq=0.57,,,,,,,,,,
_session465_diamond_bandgap.py,,,,,1/10; Phi_res=5/6; K_Mex=25/12; D_phys=4; SO5=10,,,,,,,,,,
_session466_bcs_ratio.py,,,,,1/10; Phi_res=5/6; K_Mex=25/12; D_phys=4,,,,,,,,,,
_session467_lorenz_number.py,,,,,1/10; Phi_res=5/6; K_Mex=25/12,,,,,,,,,,
_session469_n_water.py,,,,,1/10; Phi_res=5/6; SSq=0.57; K_Mex=25/12,,,,,,,,,,
_session470_stefan_boltzmann.py,,,,,1/10; Phi_res=5/6; K_Mex=25/12; D_phys=4; SO5=10,,,,,,,,,,
_session472_avogadro.py,,,,,1/10; Phi_res=5/6; K_Mex=25/12; D_BSFG=6,,,,,,,,,,
_session623_rydbergE.py,,,,,"F(1,10);Phi=F(5,6);SSq=F(57,100);K=F(25,12);Dp=4;DB=6;SO=10;N=9;A=60",,,,,,,,,,
_session624_stefan.py,,,,,"F(1,10);Phi=F(5,6);SSq=F(57,100);K=F(25,12);Dp=4;DB=6;SO=10;N=9;A=60",,,,,,,,,,
_session625_wien.py,,,,,"F(1,10);Phi=F(5,6);SSq=F(57,100);K=F(25,12);Dp=4;DB=6;SO=10;N=9;A=60",,,,,,,,,,
_session626_faraday.py,,,,,"F(1,10);Phi=F(5,6);SSq=F(57,100);K=F(25,12);Dp=4;DB=6;SO=10;N=9;A=60",,,,,,,,,,
_session627_avogadro.py,,,,,"F(1,10);Phi=F(5,6);SSq=F(57,100);K=F(25,12);Dp=4;DB=6;SO=10;N=9;A=60",,,,,,,,,,
_session628_kB.py,,,,,"F(1,10);Phi=F(5,6);SSq=F(57,100);K=F(25,12);Dp=4;DB=6;SO=10;N=9;A=60",,,,,,,,,,
_session629_planck.py,,,,,"F(1,10);Phi=F(5,6);SSq=F(57,100);K=F(25,12);Dp=4;DB=6;SO=10;N=9;A=60",,,,,,,,,,
_session630_c.py,,,,,"F(1,10);Phi=F(5,6);SSq=F(57,100);K=F(25,12);Dp=4;DB=6;SO=10;N=9;A=60",,,,,,,,,,
_session631_e.py,,,,,"F(1,10);Phi=F(5,6);SSq=F(57,100);K=F(25,12);Dp=4;DB=6;SO=10;N=9;A=60",,,,,,,,,,
_session632_hartree.py,,,,,"F(1,10);Phi=F(5,6);SSq=F(57,100);K=F(25,12);Dp=4;DB=6;SO=10;N=9;A=60",,,,,,,,,,
_session633_pi.py,,,,,"F(1,10);Phi=F(5,6);SSq=F(57,100);K=F(25,12);Dp=4;DB=6;SO=10;N=9;A=60",,,,,,,,,,
_session634_e.py,,,,,"F(1,10);Phi=F(5,6);SSq=F(57,100);K=F(25,12);Dp=4;DB=6;SO=10;N=9;A=60",,,,,,,,,,
_session635_goldenRatio.py,,,,,"F(1,10);Phi=F(5,6);SSq=F(57,100);K=F(25,12);Dp=4;DB=6;SO=10;N=9;A=60",,,,,,,,,,
_session636_gamma.py,,,,,"F(1,10);Phi=F(5,6);SSq=F(57,100);K=F(25,12);Dp=4;DB=6;SO=10;N=9;A=60",,,,,,,,,,
_session637_sqrt2.py,,,,,"F(1,10);Phi=F(5,6);SSq=F(57,100);K=F(25,12);Dp=4;DB=6;SO=10;N=9;A=60",,,,,,,,,,
_session638_sqrt3.py,,,,,"F(1,10);Phi=F(5,6);SSq=F(57,100);K=F(25,12);Dp=4;DB=6;SO=10;N=9;A=60",,,,,,,,,,
_session639_sqrt5.py,,,,,"F(1,10);Phi=F(5,6);SSq=F(57,100);K=F(25,12);Dp=4;DB=6;SO=10;N=9;A=60",,,,,,,,,,
_session640_ln2.py,,,,,"F(1,10);Phi=F(5,6);SSq=F(57,100);K=F(25,12);Dp=4;DB=6;SO=10;N=9;A=60",,,,,,,,,,
_session641_ln10.py,,,,,"F(1,10);Phi=F(5,6);SSq=F(57,100);K=F(25,12);Dp=4;DB=6;SO=10;N=9;A=60",,,,,,,,,,
_session642_zeta3.py,,,,,"F(1,10);Phi=F(5,6);SSq=F(57,100);K=F(25,12);Dp=4;DB=6;SO=10;N=9;A=60",,,,,,,,,,
_session694_alpha_forward_derivation.py,6029/10000           (S293 calibrated),CONFLICT[6x1|Fraction(6)x1],CONFLICT[26x1|Fraction(26)x1],CONFLICT[4x1|Fraction(4)x1],"CONFLICT[1/10                 (Time-Reversal-Zone amplitude)x1|Fraction(1, 10)x1]",,,"CONFLICT[25/12                (Mexican-hat coupling, G1)x1|Fraction(25, 12)x1]",9,,"CONFLICT[5/6                  (Resonance phase closure, G6)x1|Fraction(5, 6)x1]",,,"CONFLICT[57/100               (Sustainarity-square ledger anchor)x1|Fraction(57, 100)x1]",
_session695_4pi_coset_derivation.py,,6,26,4,"Fraction(1, 10)",,,"Fraction(25, 12)",,,"Fraction(5, 6)",,,"Fraction(57, 100)",
_session696_2loop_kk_closure.py,,6,26,4,"Fraction(1, 10)",,,"Fraction(25, 12)",9,10,"Fraction(5, 6)",,,"Fraction(57, 100)",
_session697_c2_exact_decomposition.py,,6,26,4,"Fraction(1, 10)",,,"Fraction(25, 12)",9,10,"Fraction(5, 6)",,,"Fraction(57, 100)",
_session698_so2dpm_selection_rule.py,,6,26,4,"Fraction(1, 10)",,,"Fraction(25, 12)",9,10,"Fraction(5, 6)",,,"Fraction(57, 100)",
_session699_3loop_tail_bound.py,"Fraction(6029, 10000)",6,26,4,"Fraction(1, 10)",,,"Fraction(25, 12)",9,10,"Fraction(5, 6)",,,"Fraction(57, 100)",
_session700_alpha_chain_convergence.py,"Fraction(6029, 10000)",6,26,4,"Fraction(1, 10)",,,"Fraction(25, 12)",9,10,"Fraction(5, 6)",,,"Fraction(57, 100)",
_session701_c_tree_derivation.py,"Fraction(6029, 10000)",6,26,4,"Fraction(1, 10)",,,"Fraction(25, 12)",9,10,"Fraction(5, 6)",,,"Fraction(57, 100)",100000000.0
_session702_c_tree_layered_dpm.py,"Fraction(6029, 10000)",6,26,4,"Fraction(1, 10)",,,"Fraction(25, 12)",9,10,"Fraction(5, 6)",,,"Fraction(57, 100)",100000000.0
_session703_c_2loop_coefficient.py,"Fraction(6029, 10000)",6,26,4,"Fraction(1, 10)",,,"Fraction(25, 12)",9,10,"Fraction(5, 6)",,,"Fraction(57, 100)",100000000.0
_session704_c_3loop_tail_bound.py,"Fraction(6029, 10000)",6,26,4,"Fraction(1, 10)",,,"Fraction(25, 12)",9,10,"Fraction(5, 6)",,,"Fraction(57, 100)",100000000.0
_session705_universal_loop_factorial_rule.py,"Fraction(6029, 10000)",6,26,4,"Fraction(1, 10)",,,"Fraction(25, 12)",9,,"Fraction(5, 6)",,,"Fraction(57, 100)",
_session706_loop_factorial_n4.py,"Fraction(6029, 10000)",6,26,4,"Fraction(1, 10)",,,"Fraction(25, 12)",9,,"Fraction(5, 6)",,,"Fraction(57, 100)",
_session707_so2_dpm_geometric_phase.py,"Fraction(6029, 10000)",6,26,4,"Fraction(1, 10)",,,"Fraction(25, 12)",9,,"Fraction(5, 6)",,,"Fraction(57, 100)",
_session708_so2_dpm_rank_refined.py,"Fraction(6029, 10000)",6,26,4,"Fraction(1, 10)",,,"Fraction(25, 12)",9,,"Fraction(5, 6)",,,"Fraction(57, 100)",
_session709_mu_chain_opening.py,"Fraction(6029, 10000)",6,26,4,"Fraction(1, 10)",,,"Fraction(25, 12)",9,,"Fraction(5, 6)",,,"Fraction(57, 100)",
_session710_mu_2loop.py,"Fraction(6029, 10000)",6,26,4,"Fraction(1, 10)",,,"Fraction(25, 12)",9,,"Fraction(5, 6)",,,"Fraction(57, 100)",
_session711_mu_3loop_finite_polynomial.py,"Fraction(6029, 10000)",6,26,4,"Fraction(1, 10)",,,"Fraction(25, 12)",9,,"Fraction(5, 6)",,,"Fraction(57, 100)",
_session712_mu_4loop_termination_test.py,"Fraction(6029, 10000)",6,26,4,"Fraction(1, 10)",,,"Fraction(25, 12)",9,,"Fraction(5, 6)",,,"Fraction(57, 100)",
_session713_alpha_4loop_borel_test.py,"Fraction(6029, 10000)",6,26,4,"Fraction(1, 10)",,,"Fraction(25, 12)",9,10,"Fraction(5, 6)",,,"Fraction(57, 100)",
_session714_alpha_c3_locked_candidate_hunt.py,"Fraction(6029, 10000)",6,26,4,"Fraction(1, 10)",,,"Fraction(25, 12)",9,10,"Fraction(5, 6)",,,"Fraction(57, 100)",
_session715_alpha_4loop_locked_candidate.py,"Fraction(6029, 10000)",6,26,4,"Fraction(1, 10)",,,"Fraction(25, 12)",9,10,"Fraction(5, 6)",,,"Fraction(57, 100)",
_session716_mu_5loop_ratio_rule_validation.py,"Fraction(6029, 10000)",6,26,4,"Fraction(1, 10)",,,"Fraction(25, 12)",9,,"Fraction(5, 6)",,,"Fraction(57, 100)",
_session717_alpha_class_universality_test.py,"Fraction(6029, 10000)",6,26,4,"Fraction(1, 10)",,,"Fraction(25, 12)",9,,"Fraction(5, 6)",,,"Fraction(57, 100)",
_session718_c_chain_class_assignment.py,"Fraction(6029, 10000)",6,26,4,"Fraction(1, 10)",,,"Fraction(25, 12)",9,,"Fraction(5, 6)",,,"Fraction(57, 100)",
_session719_hbar_dimensional_class_probe.py,"Fraction(6029, 10000)",6,26,"CONFLICT[4, D_BSFG=6, D_crit=26, N_ch=9, SO5_order=10, A_5=60.x1|4x1]","CONFLICT[1/10, Phi_res=5/6, SSq=57/100, K_Mex=25/12, beta_i=6029/10000x1|Fraction(1, 10)x1]",,,"Fraction(25, 12)",9,,"Fraction(5, 6)",7.09e-37,,"Fraction(57, 100)",100000000.0
_session720_hbar_classIV_nogo_and_L_SCM_promotion.py,"Fraction(6029, 10000)",6,26,4,"Fraction(1, 10)",,,"Fraction(25, 12)",9,,"Fraction(5, 6)",7.09e-37,,"Fraction(57, 100)",100000000.0
_session721_classV_G_and_LSCM_MSCM_proportionality.py,"Fraction(6029, 10000)",6,26,4,"Fraction(1, 10)",,,"Fraction(25, 12)",9,,"Fraction(5, 6)",7.09e-37,,"Fraction(57, 100)",100000000.0
_session722_K_G_prefactor_search.py,"Fraction(6029, 10000)",Fraction(6),Fraction(26),Fraction(4),"Fraction(1, 10)",,,"Fraction(25, 12)",Fraction(9),,"Fraction(5, 6)",7.09e-37,,"Fraction(57, 100)",100000000.0
_session723_K_G_locked_rational.py,"Fraction(6029, 10000)",Fraction(6),Fraction(26),Fraction(4),"Fraction(1, 10)",,,"Fraction(25, 12)",Fraction(9),,"Fraction(5, 6)",,,"Fraction(57, 100)",100000000.0
_session724_classVI_Lambda_opening.py,"Fraction(6029, 10000)",Fraction(6),Fraction(26),Fraction(4),"Fraction(1, 10)",,,"Fraction(25, 12)",Fraction(9),,"Fraction(5, 6)",,,"Fraction(57, 100)",100000000.0
_session725_cosmological_hierarchy_probe.py,,Fraction(6),Fraction(26),Fraction(4),"Fraction(1, 10)",,,"Fraction(25, 12)",Fraction(9),,"Fraction(5, 6)",,,"Fraction(57, 100)",100000000.0
_session726_LH_tighten_locked_closure.py,"Fraction(6029, 10000)",Fraction(6),Fraction(26),Fraction(4),"Fraction(1, 10)",,,"Fraction(25, 12)",Fraction(9),Fraction(10),"Fraction(5, 6)",7.09e-37,,"Fraction(57, 100)",100000000.0
_session727_LH42_Lambda_closure.py,"Fraction(6029, 10000)",Fraction(6),Fraction(26),Fraction(4),"Fraction(1, 10)",,,"Fraction(25, 12)",Fraction(9),Fraction(10),"Fraction(5, 6)",7.09e-37,,"Fraction(57, 100)",100000000.0
_session728_triple_track_consolidation.py,"Fraction(6029, 10000)",Fraction(6),Fraction(26),Fraction(4),"Fraction(1, 10)",,,"Fraction(25, 12)",Fraction(9),Fraction(10),"Fraction(5, 6)",7.09e-37,,"Fraction(57, 100)",100000000.0
_session729_H0_eta_hbar_consolidation.py,"Fraction(6029, 10000)",Fraction(6),Fraction(26),Fraction(4),"Fraction(1, 10)",,,"Fraction(25, 12)",Fraction(9),,"Fraction(5, 6)",7.09e-37,,"Fraction(57, 100)",100000000.0
_session730_Dcrit7_TCMB_Hubble.py,"Fraction(6029, 10000)",Fraction(6),Fraction(26),Fraction(4),"Fraction(1, 10)",,,"Fraction(25, 12)",Fraction(9),,"Fraction(5, 6)",7.09e-37,,"Fraction(57, 100)",100000000.0
_session731_TCMB_OmegaX_motifs.py,"Fraction(6029, 10000)",Fraction(6),Fraction(26),Fraction(4),"Fraction(1, 10)",,,"Fraction(25, 12)",Fraction(9),,"Fraction(5, 6)",7.09e-37,,"Fraction(57, 100)",100000000.0
_session732_classX_BAO_audit.py,"Fraction(6029, 10000)",Fraction(6),Fraction(26),Fraction(4),"Fraction(1, 10)",,,"Fraction(25, 12)",Fraction(9),,"Fraction(5, 6)",7.09e-37,,"Fraction(57, 100)",100000000.0
_session733_residual_hierarchy_OmegaB_BAO_crosscheck.py,"Fraction(6029, 10000)",Fraction(6),Fraction(26),Fraction(4),"Fraction(1, 10)",,,"Fraction(25, 12)",Fraction(9),Fraction(10),"Fraction(5, 6)",,,"Fraction(57, 100)",100000000.0
_session734_classXII_tighten_HubbleTension_residual.py,"Fraction(6029, 10000)",Fraction(6),Fraction(26),Fraction(4),"Fraction(1, 10)",,,"Fraction(25, 12)",Fraction(9),,"Fraction(5, 6)",,,"Fraction(57, 100)",
_session735_universal_residual_HubbleInvariant_sigma8.py,"Fraction(6029, 10000)",Fraction(6),Fraction(26),Fraction(4),"Fraction(1, 10)",,,"Fraction(25, 12)",Fraction(9),,"Fraction(5, 6)",,,"Fraction(57, 100)",
_session736_delta_univ_classXV_ns_S8_check.py,"Fraction(6029, 10000)",Fraction(6),Fraction(26),Fraction(4),"Fraction(1, 10)",,,"Fraction(25, 12)",Fraction(9),,"Fraction(5, 6)",,,"Fraction(57, 100)",
_session737_delta_dress_classXVI_alphas_VII_decompose.py,"Fraction(6029, 10000)",Fraction(6),Fraction(26),Fraction(4),"Fraction(1, 10)",,,"Fraction(25, 12)",Fraction(9),,"Fraction(5, 6)",,,"Fraction(57, 100)",C / 3.0
_session738_globalR_classXVII_r_alphas_identity.py,,,,Fraction(4); D_BSFG = Fraction(6); D_crit = Fraction(26),"Fraction(1, 10); Phi_res = Fraction(5, 6); SSq = Fraction(57, 100)",,,"Fraction(25, 12); beta_i = Fraction(6029, 10000)",Fraction(9); SO5 = Fraction(10); A_5 = Fraction(60),,,,,,
_session739_R_xi_classXVIII_OmegaLambda_betas.py,,,,Fraction(4); D_BSFG = Fraction(6); D_crit = Fraction(26),"Fraction(1, 10); Phi_res = Fraction(5, 6); SSq = Fraction(57, 100)",,,"Fraction(25, 12); beta_i = Fraction(6029, 10000)",Fraction(9); SO5 = Fraction(10); A_5 = Fraction(60),,,,,,
_session740_xi_refine_classXIX_age_gammas.py,,,,Fraction(4); D_BSFG = Fraction(6); D_crit = Fraction(26),"Fraction(1, 10); Phi_res = Fraction(5, 6); SSq = Fraction(57, 100)",,,"Fraction(25, 12); beta_i = Fraction(6029, 10000)",Fraction(9); SO5 = Fraction(10); A_5 = Fraction(60),,,,,,
_session741_t0_refine_zeq_classXX_ell1.py,,,,4; D_BSFG = 6; D_crit = 26; N_ch = 9; SO5_order = 10; A_5 = 60,"Fraction(1, 10); Phi_res = Fraction(5, 6); SSq = Fraction(57, 100)",,,"Fraction(25, 12); beta_i = Fraction(6029, 10000)",,,,,,,
_session742_higher_peaks_t0_exact_classXXII_rs.py,,,,,"Fraction(1,10); Phi_res = Fraction(5,6); SSq = Fraction(57,100)",,,"Fraction(25,12); beta_i = Fraction(6029,10000)",,,,,,,
_session743_rs_silk_As.py,,,,,"Fraction(1,10); Phi_res = Fraction(5,6); SSq = Fraction(57,100)",,,"Fraction(25,12); beta_i = Fraction(6029,10000)",,,,,,,
_session744_As_refine_kD_Neff.py,,,,,"Fraction(1,10); Phi_res = Fraction(5,6); SSq = Fraction(57,100)",,,"Fraction(25,12); beta_i = Fraction(6029,10000)",,,,,,,
_session745_As_kD_exact_Yp.py,"Fraction(6029, 10000)",6,26,4,"Fraction(1, 10)",,,"Fraction(25, 12)",9,,"Fraction(5, 6)",,,"Fraction(57, 100)",
_session746_DH_kD_As.py,"Fraction(6029, 10000)",6,26,4,"Fraction(1, 10)",,,"Fraction(25, 12)",9,,"Fraction(5, 6)",,,"Fraction(57, 100)",
_session747_LiH_As_DH.py,"Fraction(6029, 10000)",6,26,4,"Fraction(1, 10)",,,"Fraction(25, 12)",9,,"Fraction(5, 6)",,,"Fraction(57, 100)",
_session748_LiH_He3_eta.py,"F(6029,10000); D_phys = F(4); D_BSFG = F(6); D_crit = F(26)",,,,"F(1,10); Phi_res = F(5,6); SSq = F(57,100); K_Mex = F(25,12)",,,,F(9); SO5 = F(10); A_5 = F(60),,,,,,
_session749_eta_Yp_T0.py,"F(6029,10000); D_phys=F(4); D_BSFG=F(6); D_crit=F(26)",,,,"F(1,10); Phi_res=F(5,6); SSq=F(57,100); K_Mex=F(25,12)",,,,F(9); SO5=F(10); A_5=F(60),,,,,,
_session750_eta_T0_H0.py,"F(6029,10000); D_phys=F(4); D_BSFG=F(6); D_crit=F(26)",,,,"F(1,10); Phi_res=F(5,6); SSq=F(57,100); K_Mex=F(25,12)",,,,F(9); SO5=F(10); A_5=F(60),,,,,,
_session751_T0_Hratio_sigma8_Omegam.py,"F(6029,10000); D_phys=F(4); D_BSFG=F(6); D_crit=F(26)",,,,"F(1,10); Phi_res=F(5,6); SSq=F(57,100); K_Mex=F(25,12)",,,,F(9); SO5=F(10); A_5=F(60),,,,,,
_session752_T0reform_sigma8KiDS_OmegaL.py,"F(6029,10000); D_phys=F(4); D_BSFG=F(6); D_crit=F(26)",,,,"F(1,10); Phi_res=F(5,6); SSq=F(57,100); K_Mex=F(25,12)",,,,F(9); SO5=F(10); A_5=F(60),,,,,,
_session753_sigma8push_wDE_Obh2.py,"F(6029,10000); D_phys=F(4); D_BSFG=F(6); D_crit=F(26)",,,,"F(1,10); Phi_res=F(5,6); SSq=F(57,100); K_Mex=F(25,12)",,,,F(9); SO5=F(10); A_5=F(60),,,,,,
_session754_Obh2push_zeq_rs.py,"F(6029,10000); D_phys=F(4); D_BSFG=F(6); D_crit=F(26)",,,,"F(1,10); Phi_res=F(5,6); SSq=F(57,100); K_Mex=F(25,12)",,,,F(9); SO5=F(10); A_5=F(60),,,,,,
_session755_Obh2unblock_t0_tau.py,"F(6029,10000); D_phys=F(4); D_BSFG=F(6); D_crit=F(26)",,,,"F(1,10); Phi_res=F(5,6); SSq=F(57,100); K_Mex=F(25,12)",,,,F(9); SO5=F(10); A_5=F(60),,,,,,
_session756_tauCE_zstar_Neff.py,"F(6029,10000); D_phys=F(4); D_BSFG=F(6); D_crit=F(26)",,,,"F(1,10); Phi_res=F(5,6); SSq=F(57,100); K_Mex=F(25,12)",,,,F(9); SO5=F(10); A_5=F(60),,,,,,
_session757_tau_zstar_DH.py,"F(6029,10000); D_phys=F(4); D_BSFG=F(6); D_crit=F(26)",,,,"F(1,10); Phi_res=F(5,6); SSq=F(57,100); K_Mex=F(25,12)",,,,F(9); SO5=F(10); A_5=F(60),,,,,,
_session758_mpme_alphaS_Omh2.py,"F(6029,10000); D_phys=F(4); D_BSFG=F(6); D_crit=F(26)",,,,"F(1,10); Phi_res=F(5,6); SSq=F(57,100); K_Mex=F(25,12)",,,,F(9); SO5=F(10); A_5=F(60),,,,,,
_session759_tau_zstar_Oc_kpivot.py,"F(6029,10000); D_phys=F(4); D_BSFG=F(6); D_crit=F(26)",,,,"F(1,10); Phi_res=F(5,6); SSq=F(57,100); K_Mex=F(25,12)",,,,F(9); SO5=F(10); A_5=F(60),,,,,,
_session760_Och2_mnu_As.py,"F(6029,10000); D_phys=F(4); D_BSFG=F(6); D_crit=F(26)",,,,"F(1,10); Phi_res=F(5,6); SSq=F(57,100); K_Mex=F(25,12)",,,,F(9); SO5=F(10); A_5=F(60),,,,,,
_session761_As_obratio_eta.py,"F(6029,10000); D_phys=F(4); D_BSFG=F(6); D_crit=F(26)",,,,"F(1,10); Phi_res=F(5,6); SSq=F(57,100); K_Mex=F(25,12)",,,,F(9); SO5=F(10); A_5=F(60),,,,,,
_session762_H0_rdrag_gammaPPN.py,"F(6029,10000); D_phys=F(4); D_BSFG=F(6); D_crit=F(26)",,,,"F(1,10); Phi_res=F(5,6); SSq=F(57,100); K_Mex=F(25,12)",,,,F(9); SO5=F(10); A_5=F(60),,,,,,
_session763_NeffBBN_OmK_zreion_dCP.py,"F(6029,10000); D_phys=F(4); D_BSFG=F(6); D_crit=F(26)",,,,"F(1,10); Phi_res=F(5,6); SSq=F(57,100); K_Mex=F(25,12)",,,,F(9); SO5=F(10); A_5=F(60),,,,,,
_session764_crossval_omnu_zBAO_etab.py,"F(6029,10000); D_phys=F(4); D_BSFG=F(6); D_crit=F(26)",,,,"F(1,10); Phi_res=F(5,6); SSq=F(57,100); K_Mex=F(25,12)",,,,F(9); SO5=F(10); A_5=F(60),,,,,,
_session765_Aplanck_tau_S8_etabwiden.py,"F(6029,10000); D_phys=F(4); D_BSFG=F(6); D_crit=F(26)",,,,"F(1,10); Phi_res=F(5,6); SSq=F(57,100); K_Mex=F(25,12)",,,,F(9); SO5=F(10); A_5=F(60),,,,,,
_session766_AL_w0_wa_Hz.py,"F(6029,10000); D_phys=F(4); D_BSFG=F(6); D_crit=F(26)",,,,"F(1,10); Phi_res=F(5,6); SSq=F(57,100); K_Mex=F(25,12)",,,,F(9); SO5=F(10); A_5=F(60),,,,,,
_session767_BAO_distance_suite.py,"F(6029,10000); D_phys=F(4); D_BSFG=F(6); D_crit=F(26)",,,,"F(1,10); Phi_res=F(5,6); SSq=F(57,100); K_Mex=F(25,12)",,,,F(9); SO5=F(10); A_5=F(60),,,,,,
_session768_BAO_z051_z061.py,"F(6029,10000); D_phys=F(4); D_BSFG=F(6); D_crit=F(26)",,,,"F(1,10); Phi_res=F(5,6); SSq=F(57,100); K_Mex=F(25,12)",,,,F(9); SO5=F(10); A_5=F(60),,,,,,
_session769_struct_amp_anchors.py,"F(6029,10000); D_phys=F(4); D_BSFG=F(6); D_crit=F(26)",,,,"F(1,10); Phi_res=F(5,6); SSq=F(57,100); K_Mex=F(25,12)",,,,F(9); SO5=F(10); A_5=F(60),,,,,,
_session770_matter_radiation_acoustic.py,"F(6029,10000); D_phys=F(4); D_BSFG=F(6); D_crit=F(26)",,,,"F(1,10); Phi_res=F(5,6); SSq=F(57,100); K_Mex=F(25,12)",,,,F(9); SO5=F(10); A_5=F(60),,,,,,
_session771_inflation_reion_age_CV4.py,"F(6029,10000); D_phys=F(4); D_BSFG=F(6); D_crit=F(26)",,,,"F(1,10); Phi_res=F(5,6); SSq=F(57,100); K_Mex=F(25,12)",,,,F(9); SO5=F(10); A_5=F(60),,,,,,
_session772_running_zdec_DH_CV5.py,"F(6029,10000); D_phys=F(4); D_BSFG=F(6); D_crit=F(26)",,,,"F(1,10); Phi_res=F(5,6); SSq=F(57,100); K_Mex=F(25,12)",,,,F(9); SO5=F(10); A_5=F(60),,,,,,
_session773_zeq_BAO_nu_CV6.py,"F(6029,10000); D_phys=F(4); D_BSFG=F(6); D_crit=F(26)",,,,"F(1,10); Phi_res=F(5,6); SSq=F(57,100); K_Mex=F(25,12)",,,,F(9); SO5=F(10); A_5=F(60),,,,,,
_session774_Rstar_DV015_fs8_CV7.py,"F(6029,10000); D_phys=F(4); D_BSFG=F(6); D_crit=F(26)",,,,"F(1,10); Phi_res=F(5,6); SSq=F(57,100); K_Mex=F(25,12)",,,,F(9); SO5=F(10); A_5=F(60),,,,,,
_session775_teq_keq_mnu_CV8.py,"F(6029,10000); D_phys=F(4); D_BSFG=F(6); D_crit=F(26)",,,,"F(1,10); Phi_res=F(5,6); SSq=F(57,100); K_Mex=F(25,12)",,,,F(9); SO5=F(10); A_5=F(60),,,,,,
_session776_zdrag_theta_OmDE_CV9.py,"F(6029,10000); D_phys=F(4); D_BSFG=F(6); D_crit=F(26)",,,,"F(1,10); Phi_res=F(5,6); SSq=F(57,100); K_Mex=F(25,12)",,,,F(9); SO5=F(10); A_5=F(60),,,,,,
_session777_SMsector_CV10.py,"F(6029,10000); D_phys=F(4); D_BSFG=F(6); D_crit=F(26)",,,,"F(1,10); Phi_res=F(5,6); SSq=F(57,100); K_Mex=F(25,12)",,,,F(9); SO5=F(10); A_5=F(60),,,,,,
_session778_SMmasses_CV11.py,"F(6029,10000); D_phys=F(4); D_BSFG=F(6); D_crit=F(26)",,,,"F(1,10); Phi_res=F(5,6); SSq=F(57,100); K_Mex=F(25,12)",,,,F(9); SO5=F(10); A_5=F(60),,,,,,
_session779_quarks_CKM_CV12.py,"F(6029,10000); D_phys=F(4); D_BSFG=F(6); D_crit=F(26)",,,,"F(1,10); Phi_res=F(5,6); SSq=F(57,100); K_Mex=F(25,12)",,,,F(9); SO5=F(10); A_5=F(60),,,,,,
_session780_Higgs_gravity_CV13.py,"F(6029,10000); D_phys=F(4); D_BSFG=F(6); D_crit=F(26)",,,SO5 - D_BSFG  =  10 - 6  =  4,"F(1,10); Phi_res=F(5,6); SSq=F(57,100); K_Mex=F(25,12)",,,,CONFLICT[D_BSFG^2 / D_phys  =  36 / 4  =  9x1|F(9); SO5=F(10); A_5=F(60)x1],,,,,,
_session781_cosmoconst_entropy_CV14.py,"F(6029,10000); D_phys=F(4); D_BSFG=F(6); D_crit=F(26)",,4*D_BSFG + 2               (CV-14)  <-- NEW,SO5 - D_BSFG               (CV-13),"F(1,10); Phi_res=F(5,6); SSq=F(57,100); K_Mex=F(25,12)",,,,CONFLICT[D_BSFG^2 / D_phys          (CV-11)x1|F(9); SO5=F(10); A_5=F(60)x1],,,,,,
_session782_lambdaH_yt_etaB_CV15.py,"F(6029,10000); D_phys=F(4); D_BSFG=F(6); D_crit=F(26)",,,,"F(1,10); Phi_res=F(5,6); SSq=F(57,100); K_Mex=F(25,12)",,,,F(9); SO5=F(10); A_5=F(60),,,,,,
_session783_sinW_alphasGUT_rho_CV16.py,"F(6029,10000); D_phys=F(4); D_BSFG=F(6); D_crit=F(26)",,,,"F(1,10); Phi_res=F(5,6); SSq=F(57,100); K_Mex=F(25,12)",,,,F(9); SO5=F(10); A_5=F(60),,,,,,
_session784_MGUT_Dm2atm_PMNS_CV17.py,"F(6029,10000); D_phys=F(4); D_BSFG=F(6); D_crit=F(26)",,,,"F(1,10); Phi_res=F(5,6); SSq=F(57,100); K_Mex=F(25,12)",,,,F(9); SO5=F(10); A_5=F(60),,,,,,
_session785_PMNS_solar_reactor_CV18.py,"F(6029,10000); D_phys=F(4); D_BSFG=F(6); D_crit=F(26)",,,,"F(1,10); Phi_res=F(5,6); SSq=F(57,100); K_Mex=F(25,12)",,,,F(9); SO5=F(10); A_5=F(60),,,,,,
