"Number","File","SizeKB","LastModified"
"1","source1.cpp","45.31","2025-11-19 23:03"
"2","source2.cpp","101.35","2025-11-19 23:03"
"3","source3.cpp","44.88","2025-11-19 23:03"
"4","source4.cpp","59.32","2025-11-19 23:03"
"5","Source5.cpp","51.59","2025-11-19 19:45"
"6","Source6.cpp","571.76","2025-11-19 19:45"
"7","source7.cpp","83.02","2025-11-19 23:03"
"8","source8.cpp","54.26","2025-11-19 23:03"
"9","source9.cpp","13.16","2025-11-19 23:03"
"10","source10.cpp","273.22","2025-11-30 14:49"
"11","source11.cpp","20.89","2025-11-19 23:03"
"12","source12.cpp","91.05","2025-11-19 23:03"
"13","source13.cpp","17.94","2025-11-19 23:03"
"14","source14.cpp","20.31","2025-11-19 23:03"
"15","source15.cpp","20.42","2025-11-19 23:03"
"16","source16.cpp","20.75","2025-11-19 23:03"
"17","source17.cpp","20.51","2025-11-19 23:03"
"18","source18.cpp","21.37","2025-11-19 23:03"
"19","source19.cpp","20.48","2025-11-19 23:03"
"20","source20.cpp","20.57","2025-11-19 23:03"
"21","source21.cpp","21.21","2025-11-19 23:03"
"22","source22.cpp","20.23","2025-11-19 23:03"
"23","source23.cpp","21.69","2025-11-19 23:03"
"24","source24.cpp","20.32","2025-11-19 23:03"
"25","source25.cpp","21.73","2025-11-19 23:03"
"26","source26.cpp","21.57","2025-11-19 23:03"
"27","source27.cpp","20.82","2025-11-19 23:03"
"28","source28.cpp","20.12","2025-11-19 23:03"
"29","source29.cpp","21.02","2025-11-19 23:03"
"30","source30.cpp","20.66","2025-11-19 23:03"
"31","source31.cpp","21.15","2025-11-19 23:03"
"32","source32.cpp","21.38","2025-11-19 23:03"
"33","source33.cpp","20.3","2025-11-19 23:03"
"34","source34.cpp","20.98","2025-11-19 23:03"
"35","source35.cpp","19.65","2025-11-19 23:03"
"36","source36.cpp","19.79","2025-11-19 23:03"
"37","source37.cpp","19.34","2025-11-19 23:03"
"38","source38.cpp","17.59","2025-11-19 23:03"
"39","source39.cpp","20.43","2025-11-19 23:03"
"40","source40.cpp","18.25","2025-11-19 23:03"
"41","source41.cpp","19.34","2025-11-19 23:03"
"42","source42.cpp","19.22","2025-11-19 23:03"
"43","source43.cpp","19.76","2025-11-19 23:03"
"44","source44.cpp","20.11","2025-11-19 23:03"
"45","source45.cpp","20.58","2025-11-19 23:03"
"46","source46.cpp","19.33","2025-11-19 23:03"
"47","source47.cpp","21.57","2025-11-19 23:03"
"48","source48.cpp","21.36","2025-11-19 23:03"
"49","source49.cpp","26.7","2025-11-19 23:03"
"50","source50.cpp","21.59","2025-11-19 23:03"
"52","source52.cpp","18.91","2025-11-19 23:03"
"54","source54.cpp","20.82","2025-11-19 23:03"
"56","source56.cpp","21.14","2025-11-19 23:03"
"57","source57.cpp","21.82","2025-11-19 23:03"
"60","source60.cpp","27.5","2025-11-19 23:03"
"64","source64.cpp","17.46","2025-11-19 23:03"
"65","source65.cpp","20.7","2025-11-19 23:03"
"66","source66.cpp","19.3","2025-11-19 23:03"
"67","source67.cpp","20.65","2025-11-19 23:03"
"68","source68.cpp","15.74","2025-11-19 23:03"
"69","source69.cpp","20.21","2025-11-19 23:03"
"70","source70.cpp","19.74","2025-11-19 23:03"
"71","source71.cpp","20.09","2025-11-19 23:03"
"72","source72.cpp","13.91","2025-11-19 23:03"
"73","source73.cpp","20.31","2025-11-19 23:03"
"74","source74.cpp","18.22","2025-11-19 23:03"
"76","source76.cpp","20.24","2025-11-19 23:03"
"77","source77.cpp","20.48","2025-11-19 23:03"
"78","source78.cpp","21.75","2025-11-19 23:03"
"79","source79.cpp","16.63","2025-11-19 23:03"
"80","source80.cpp","16.76","2025-11-19 23:03"
"81","source81.cpp","20.78","2025-11-19 23:03"
"82","source82.cpp","15.89","2025-11-19 23:03"
"83","source83.cpp","16.62","2025-11-19 23:03"
"84","source84.cpp","14.58","2025-11-19 23:03"
"85","source85.cpp","20.77","2025-11-19 23:03"
"86","source86.cpp","28.56","2025-11-19 23:03"
"87","source87.cpp","27.23","2025-11-19 23:03"
"88","source88.cpp","14.79","2025-11-19 23:03"
"89","source89.cpp","13.05","2025-11-19 23:03"
"90","source90.cpp","13.42","2025-11-19 23:03"
"91","source91.cpp","14.95","2025-11-19 23:03"
"92","source92.cpp","13.86","2025-11-19 23:03"
"93","source93.cpp","12.84","2025-11-19 23:03"
"94","source94.cpp","13.95","2025-11-19 23:03"
"95","source95.cpp","15.14","2025-11-19 23:03"
"96","source96.cpp","13.39","2025-11-19 23:03"
"97","source97.cpp","14.15","2025-11-19 23:03"
"98","source98.cpp","13.98","2025-11-19 23:03"
"100","source100.cpp","13.52","2025-11-19 23:03"
"101","source101.cpp","13.01","2025-11-19 23:03"
"102","source102.cpp","12.8","2025-11-19 23:03"
"103","Source103.cpp","12.85","2025-11-19 20:02"
"104","source104.cpp","13.14","2025-11-19 23:03"
"105","source105.cpp","12.67","2025-11-19 23:03"
"106","source106.cpp","13.67","2025-11-19 23:03"
"107","source107.cpp","12.05","2025-11-19 23:03"
"108","source108.cpp","11.7","2025-11-19 23:03"
"109","source109.cpp","13.67","2025-11-19 23:03"
"110","source110.cpp","12.91","2025-11-19 23:03"
"111","source111.cpp","13.52","2025-11-19 23:03"
"112","source112.cpp","12.61","2025-11-19 23:03"
"113","source113.cpp","12.97","2025-11-19 23:03"
"114","source114.cpp","12.07","2025-11-19 23:03"
"115","Source115.cpp","13.35","2025-11-19 20:02"
"116","source116.cpp","13.53","2025-11-19 23:03"
"117","source117.cpp","13.31","2025-11-19 23:03"
"118","source118.cpp","13.47","2025-11-19 23:03"
"119","Source119.cpp","12.66","2025-11-19 20:02"
"120","source120.cpp","12.43","2025-11-19 23:03"
"121","source121.cpp","12.54","2025-11-19 23:03"
"122","Source122.cpp","11.84","2025-11-19 20:03"
"123","source123.cpp","13.96","2025-11-19 23:03"
"124","source124.cpp","12.77","2025-11-19 23:03"
"125","source125.cpp","13.26","2025-11-19 23:03"
"126","source126.cpp","13.41","2025-11-19 23:03"
"127","source127.cpp","12.49","2025-11-19 23:03"
"128","source128.cpp","13.89","2025-11-19 23:03"
"129","source129.cpp","13.81","2025-11-19 23:03"
"130","source130.cpp","12.5","2025-11-19 23:03"
"131","source131.cpp","14.69","2025-11-19 23:03"
"132","source132.cpp","16.33","2025-11-19 23:03"
"133","source133.cpp","16.3","2025-11-19 23:03"
"134","source134.cpp","22.15","2025-11-19 23:03"
"135","source135.cpp","20.95","2025-11-19 23:03"
"136","source136.cpp","20.94","2025-11-19 23:03"
"137","source137.cpp","20.92","2025-11-19 23:03"
"138","source138.cpp","20.91","2025-11-19 23:03"
"139","Source139.cpp","20.72","2025-11-20 00:30"
"140","source140.cpp","20.79","2025-11-19 23:03"
"141","source141.cpp","20.14","2025-11-19 23:03"
"142","source142.cpp","20.58","2025-11-19 23:03"
"143","Source143.cpp","20.44","2025-11-20 00:30"
"144","source144.cpp","20.77","2025-11-19 23:03"
"145","source145.cpp","20.54","2025-11-19 23:03"
"146","source146.cpp","20.58","2025-11-19 23:03"
"147","source147.cpp","42.79","2025-11-19 23:03"
"148","source148.cpp","20.62","2025-11-19 23:03"
"149","source149.cpp","20.6","2025-11-19 23:03"
"150","source150.cpp","20.72","2025-11-19 23:03"
"151","source151.cpp","20.88","2025-11-19 23:03"
"152","source152.cpp","20.68","2025-11-19 23:03"
"153","source153.cpp","31.51","2025-11-19 23:03"
"154","Source154.cpp","44.56","2025-11-20 00:33"
"155","Source155.cpp","34.8","2025-11-22 08:17"
"156","Source156.cpp","40.77","2025-11-20 00:33"
"157","Source157.cpp","32.28","2025-11-19 20:08"
"158","Source158.cpp","53.86","2025-11-20 00:33"
"159","Source159.cpp","37.51","2025-11-19 20:08"
"160","Source160.cpp","11.73","2025-11-19 20:08"
"161","Source161.cpp","21.98","2025-11-19 20:08"
"162","Source162.cpp","22.5","2025-11-19 20:08"
"163","Source163.cpp","21.76","2025-11-19 20:08"
"164","Source164.cpp","24.5","2025-11-19 20:08"
"165","Source165.cpp","16.97","2025-11-19 20:08"
"166","Source166.cpp","23.17","2025-11-19 20:08"
"167","Source167.cpp","17.53","2025-11-19 20:08"
"168","source168.cpp","12.51","2025-11-19 23:03"
"169","source169.cpp","12.74","2025-11-19 23:03"
"170","source170.cpp","15.6","2025-11-19 23:03"
"171","source171.cpp","27.36","2025-11-19 23:03"
"172","source172.cpp","26.62","2025-11-19 23:03"
"173","source173.cpp","23.97","2025-11-19 23:03"
