quantity,kind,detail
BH_seed_mass,odmap_gap,PAPER_1650
BH_seed_mass,odmap_gap,PAPER_1650
BH_seed_mass,odmap_gap,PAPER_1650
BH_seed_mass,odmap_gap,PAPER_1650
BH_seed_mass,odmap_gap,PAPER_1650
BH_seed_mass,odmap_gap,PAPER_1650
BH_seed_mass,odmap_gap,PAPER_1650
BH_seed_mass,odmap_gap,PAPER_1650
BH_seed_mass,odmap_gap,PAPER_1650
CM_Apery_zeta3,odmap_gap,PAPER_1167
CM_Apery_zeta3,odmap_gap,PAPER_1167
CM_Apery_zeta3,odmap_gap,PAPER_1167
CM_Apery_zeta3,odmap_gap,PAPER_1167
CM_Apery_zeta3,odmap_gap,PAPER_1167
CM_Apery_zeta3,odmap_gap,PAPER_1167
CM_Apery_zeta3,odmap_gap,PAPER_1167
CM_Apery_zeta3,odmap_gap,PAPER_1167
CM_Apery_zeta3,odmap_gap,PAPER_1167
CM_BCS_coherence_length_coeff,odmap_gap,PAPER_1167
CM_BCS_coherence_length_coeff,odmap_gap,PAPER_1167
CM_BCS_coherence_length_coeff,odmap_gap,PAPER_1167
CM_BCS_coherence_length_coeff,odmap_gap,PAPER_1167
CM_BCS_coherence_length_coeff,odmap_gap,PAPER_1167
CM_BCS_coherence_length_coeff,odmap_gap,PAPER_1167
CM_BCS_coherence_length_coeff,odmap_gap,PAPER_1167
CM_BCS_coherence_length_coeff,odmap_gap,PAPER_1167
CM_BCS_coherence_length_coeff,odmap_gap,PAPER_1167
CM_BCS_gap_ratio,odmap_gap,PAPER_1167
CM_BCS_gap_ratio,odmap_gap,PAPER_1167
CM_BCS_gap_ratio,odmap_gap,PAPER_1167
CM_BCS_gap_ratio,odmap_gap,PAPER_1167
CM_BCS_gap_ratio,odmap_gap,PAPER_1167
CM_BCS_gap_ratio,odmap_gap,PAPER_1167
CM_BCS_gap_ratio,odmap_gap,PAPER_1167
CM_BCS_gap_ratio,odmap_gap,PAPER_1167
CM_BCS_gap_ratio,odmap_gap,PAPER_1167
CM_BCS_isotope_alpha,odmap_gap,PAPER_1167
CM_BCS_isotope_alpha,odmap_gap,PAPER_1167
CM_BCS_isotope_alpha,odmap_gap,PAPER_1167
CM_BCS_isotope_alpha,odmap_gap,PAPER_1167
CM_BCS_isotope_alpha,odmap_gap,PAPER_1167
CM_BCS_isotope_alpha,odmap_gap,PAPER_1167
CM_BCS_isotope_alpha,odmap_gap,PAPER_1167
CM_BCS_isotope_alpha,odmap_gap,PAPER_1167
CM_BCS_isotope_alpha,odmap_gap,PAPER_1167
CM_BEC_Tc_coeff,odmap_gap,PAPER_1167
CM_BEC_Tc_coeff,odmap_gap,PAPER_1167
CM_BEC_Tc_coeff,odmap_gap,PAPER_1167
CM_BEC_Tc_coeff,odmap_gap,PAPER_1167
CM_BEC_Tc_coeff,odmap_gap,PAPER_1167
CM_BEC_Tc_coeff,odmap_gap,PAPER_1167
CM_BEC_Tc_coeff,odmap_gap,PAPER_1167
CM_BEC_Tc_coeff,odmap_gap,PAPER_1167
CM_BEC_Tc_coeff,odmap_gap,PAPER_1167
CM_Brinkman_Rice_U_c_W,odmap_gap,PAPER_1167
CM_Brinkman_Rice_U_c_W,odmap_gap,PAPER_1167
CM_Brinkman_Rice_U_c_W,odmap_gap,PAPER_1167
CM_Brinkman_Rice_U_c_W,odmap_gap,PAPER_1167
CM_Brinkman_Rice_U_c_W,odmap_gap,PAPER_1167
CM_Brinkman_Rice_U_c_W,odmap_gap,PAPER_1167
CM_Brinkman_Rice_U_c_W,odmap_gap,PAPER_1167
CM_Brinkman_Rice_U_c_W,odmap_gap,PAPER_1167
CM_Brinkman_Rice_U_c_W,odmap_gap,PAPER_1167
CM_Sommerfeld_Wilson_R_W,odmap_gap,PAPER_1167
CM_Sommerfeld_Wilson_R_W,odmap_gap,PAPER_1167
CM_Sommerfeld_Wilson_R_W,odmap_gap,PAPER_1167
CM_Sommerfeld_Wilson_R_W,odmap_gap,PAPER_1167
CM_Sommerfeld_Wilson_R_W,odmap_gap,PAPER_1167
CM_Sommerfeld_Wilson_R_W,odmap_gap,PAPER_1167
CM_Sommerfeld_Wilson_R_W,odmap_gap,PAPER_1167
CM_Sommerfeld_Wilson_R_W,odmap_gap,PAPER_1167
CM_Sommerfeld_Wilson_R_W,odmap_gap,PAPER_1167
CM_Wiedemann_Franz_L_coeff,odmap_gap,PAPER_1167
CM_Wiedemann_Franz_L_coeff,odmap_gap,PAPER_1167
CM_Wiedemann_Franz_L_coeff,odmap_gap,PAPER_1167
CM_Wiedemann_Franz_L_coeff,odmap_gap,PAPER_1167
CM_Wiedemann_Franz_L_coeff,odmap_gap,PAPER_1167
CM_Wiedemann_Franz_L_coeff,odmap_gap,PAPER_1167
CM_Wiedemann_Franz_L_coeff,odmap_gap,PAPER_1167
CM_Wiedemann_Franz_L_coeff,odmap_gap,PAPER_1167
CM_Wiedemann_Franz_L_coeff,odmap_gap,PAPER_1167
CM_XY_3D_nu_exponent,odmap_gap,PAPER_1167
CM_XY_3D_nu_exponent,odmap_gap,PAPER_1167
CM_XY_3D_nu_exponent,odmap_gap,PAPER_1167
CM_XY_3D_nu_exponent,odmap_gap,PAPER_1167
CM_XY_3D_nu_exponent,odmap_gap,PAPER_1167
CM_XY_3D_nu_exponent,odmap_gap,PAPER_1167
CM_XY_3D_nu_exponent,odmap_gap,PAPER_1167
CM_XY_3D_nu_exponent,odmap_gap,PAPER_1167
CM_XY_3D_nu_exponent,odmap_gap,PAPER_1167
CM_log_R_K_von_Klitzing,odmap_gap,PAPER_1167
CM_log_R_K_von_Klitzing,odmap_gap,PAPER_1167
CM_log_R_K_von_Klitzing,odmap_gap,PAPER_1167
CM_log_R_K_von_Klitzing,odmap_gap,PAPER_1167
CM_log_R_K_von_Klitzing,odmap_gap,PAPER_1167
CM_log_R_K_von_Klitzing,odmap_gap,PAPER_1167
CM_log_R_K_von_Klitzing,odmap_gap,PAPER_1167
CM_log_R_K_von_Klitzing,odmap_gap,PAPER_1167
CM_log_R_K_von_Klitzing,odmap_gap,PAPER_1167
Clifford_qualia_states,odmap_gap,PAPER_1666
Clifford_qualia_states,odmap_gap,PAPER_1666
Clifford_qualia_states,odmap_gap,PAPER_1666
Clifford_qualia_states,odmap_gap,PAPER_1666
Clifford_qualia_states,odmap_gap,PAPER_1666
Clifford_qualia_states,odmap_gap,PAPER_1666
Clifford_qualia_states,odmap_gap,PAPER_1666
Clifford_qualia_states,odmap_gap,PAPER_1666
Clifford_qualia_states,odmap_gap,PAPER_1666
GR_BH_shadow_r_M,odmap_gap,PAPER_1149
GR_BH_shadow_r_M,odmap_gap,PAPER_1149
GR_BH_shadow_r_M,odmap_gap,PAPER_1149
GR_BH_shadow_r_M,odmap_gap,PAPER_1149
GR_BH_shadow_r_M,odmap_gap,PAPER_1149
GR_BH_shadow_r_M,odmap_gap,PAPER_1149
GR_BH_shadow_r_M,odmap_gap,PAPER_1149
GR_BH_shadow_r_M,odmap_gap,PAPER_1149
GR_BH_shadow_r_M,odmap_gap,PAPER_1149
GR_GPB_frame_drag,odmap_gap,PAPER_1149
GR_GPB_frame_drag,odmap_gap,PAPER_1149
GR_GPB_frame_drag,odmap_gap,PAPER_1149
GR_GPB_frame_drag,odmap_gap,PAPER_1149
GR_GPB_frame_drag,odmap_gap,PAPER_1149
GR_GPB_frame_drag,odmap_gap,PAPER_1149
GR_GPB_frame_drag,odmap_gap,PAPER_1149
GR_GPB_frame_drag,odmap_gap,PAPER_1149
GR_GPB_frame_drag,odmap_gap,PAPER_1149
GR_GPB_geodetic,odmap_gap,PAPER_1149
GR_GPB_geodetic,odmap_gap,PAPER_1149
GR_GPB_geodetic,odmap_gap,PAPER_1149
GR_GPB_geodetic,odmap_gap,PAPER_1149
GR_GPB_geodetic,odmap_gap,PAPER_1149
GR_GPB_geodetic,odmap_gap,PAPER_1149
GR_GPB_geodetic,odmap_gap,PAPER_1149
GR_GPB_geodetic,odmap_gap,PAPER_1149
GR_GPB_geodetic,odmap_gap,PAPER_1149
GR_Hulse_Taylor_ratio,odmap_gap,PAPER_1149
GR_Hulse_Taylor_ratio,odmap_gap,PAPER_1149
GR_Hulse_Taylor_ratio,odmap_gap,PAPER_1149
GR_Hulse_Taylor_ratio,odmap_gap,PAPER_1149
GR_Hulse_Taylor_ratio,odmap_gap,PAPER_1149
GR_Hulse_Taylor_ratio,odmap_gap,PAPER_1149
GR_Hulse_Taylor_ratio,odmap_gap,PAPER_1149
GR_Hulse_Taylor_ratio,odmap_gap,PAPER_1149
GR_Hulse_Taylor_ratio,odmap_gap,PAPER_1149
GR_Kerr_ISCO_extremal,odmap_gap,PAPER_1149
GR_Kerr_ISCO_extremal,odmap_gap,PAPER_1149
GR_Kerr_ISCO_extremal,odmap_gap,PAPER_1149
GR_Kerr_ISCO_extremal,odmap_gap,PAPER_1149
GR_Kerr_ISCO_extremal,odmap_gap,PAPER_1149
GR_Kerr_ISCO_extremal,odmap_gap,PAPER_1149
GR_Kerr_ISCO_extremal,odmap_gap,PAPER_1149
GR_Kerr_ISCO_extremal,odmap_gap,PAPER_1149
GR_Kerr_ISCO_extremal,odmap_gap,PAPER_1149
GR_Mercury_perihelion,odmap_gap,PAPER_1149
GR_Mercury_perihelion,odmap_gap,PAPER_1149
GR_Mercury_perihelion,odmap_gap,PAPER_1149
GR_Mercury_perihelion,odmap_gap,PAPER_1149
GR_Mercury_perihelion,odmap_gap,PAPER_1149
GR_Mercury_perihelion,odmap_gap,PAPER_1149
GR_Mercury_perihelion,odmap_gap,PAPER_1149
GR_Mercury_perihelion,odmap_gap,PAPER_1149
GR_Mercury_perihelion,odmap_gap,PAPER_1149
GR_NANOGrav_h_c,odmap_gap,PAPER_1149
GR_NANOGrav_h_c,odmap_gap,PAPER_1149
GR_NANOGrav_h_c,odmap_gap,PAPER_1149
GR_NANOGrav_h_c,odmap_gap,PAPER_1149
GR_NANOGrav_h_c,odmap_gap,PAPER_1149
GR_NANOGrav_h_c,odmap_gap,PAPER_1149
GR_NANOGrav_h_c,odmap_gap,PAPER_1149
GR_NANOGrav_h_c,odmap_gap,PAPER_1149
GR_NANOGrav_h_c,odmap_gap,PAPER_1149
GR_Shapiro_delay_coeff,odmap_gap,PAPER_1149
GR_Shapiro_delay_coeff,odmap_gap,PAPER_1149
GR_Shapiro_delay_coeff,odmap_gap,PAPER_1149
GR_Shapiro_delay_coeff,odmap_gap,PAPER_1149
GR_Shapiro_delay_coeff,odmap_gap,PAPER_1149
GR_Shapiro_delay_coeff,odmap_gap,PAPER_1149
GR_Shapiro_delay_coeff,odmap_gap,PAPER_1149
GR_Shapiro_delay_coeff,odmap_gap,PAPER_1149
GR_Shapiro_delay_coeff,odmap_gap,PAPER_1149
GR_light_bending_solar_limb,odmap_gap,PAPER_1149
GR_light_bending_solar_limb,odmap_gap,PAPER_1149
GR_light_bending_solar_limb,odmap_gap,PAPER_1149
GR_light_bending_solar_limb,odmap_gap,PAPER_1149
GR_light_bending_solar_limb,odmap_gap,PAPER_1149
GR_light_bending_solar_limb,odmap_gap,PAPER_1149
GR_light_bending_solar_limb,odmap_gap,PAPER_1149
GR_light_bending_solar_limb,odmap_gap,PAPER_1149
GR_light_bending_solar_limb,odmap_gap,PAPER_1149
GR_photon_sphere_r_M,odmap_gap,PAPER_1149
GR_photon_sphere_r_M,odmap_gap,PAPER_1149
GR_photon_sphere_r_M,odmap_gap,PAPER_1149
GR_photon_sphere_r_M,odmap_gap,PAPER_1149
GR_photon_sphere_r_M,odmap_gap,PAPER_1149
GR_photon_sphere_r_M,odmap_gap,PAPER_1149
GR_photon_sphere_r_M,odmap_gap,PAPER_1149
GR_photon_sphere_r_M,odmap_gap,PAPER_1149
GR_photon_sphere_r_M,odmap_gap,PAPER_1149
GW_memory_fraction,odmap_gap,PAPER_1766
GW_memory_fraction,odmap_gap,PAPER_1766
GW_memory_fraction,odmap_gap,PAPER_1766
GW_memory_fraction,odmap_gap,PAPER_1766
GW_memory_fraction,odmap_gap,PAPER_1766
GW_memory_fraction,odmap_gap,PAPER_1766
GW_memory_fraction,odmap_gap,PAPER_1766
GW_memory_fraction,odmap_gap,PAPER_1766
GW_memory_fraction,odmap_gap,PAPER_1766
ITER_R_over_a,odmap_gap,PAPER_1706
ITER_R_over_a,odmap_gap,PAPER_1706
ITER_R_over_a,odmap_gap,PAPER_1706
ITER_R_over_a,odmap_gap,PAPER_1706
ITER_R_over_a,odmap_gap,PAPER_1706
ITER_R_over_a,odmap_gap,PAPER_1706
ITER_R_over_a,odmap_gap,PAPER_1706
ITER_R_over_a,odmap_gap,PAPER_1706
ITER_R_over_a,odmap_gap,PAPER_1706
KK_AU_per_1e10_m,odmap_gap,PAPER_1167
KK_AU_per_1e10_m,odmap_gap,PAPER_1167
KK_AU_per_1e10_m,odmap_gap,PAPER_1167
KK_AU_per_1e10_m,odmap_gap,PAPER_1167
KK_AU_per_1e10_m,odmap_gap,PAPER_1167
KK_AU_per_1e10_m,odmap_gap,PAPER_1167
KK_AU_per_1e10_m,odmap_gap,PAPER_1167
KK_AU_per_1e10_m,odmap_gap,PAPER_1167
KK_AU_per_1e10_m,odmap_gap,PAPER_1167
KK_Earth_orbit_v_per_km_s,odmap_gap,PAPER_1167
KK_Earth_orbit_v_per_km_s,odmap_gap,PAPER_1167
KK_Earth_orbit_v_per_km_s,odmap_gap,PAPER_1167
KK_Earth_orbit_v_per_km_s,odmap_gap,PAPER_1167
KK_Earth_orbit_v_per_km_s,odmap_gap,PAPER_1167
KK_Earth_orbit_v_per_km_s,odmap_gap,PAPER_1167
KK_Earth_orbit_v_per_km_s,odmap_gap,PAPER_1167
KK_Earth_orbit_v_per_km_s,odmap_gap,PAPER_1167
KK_Earth_orbit_v_per_km_s,odmap_gap,PAPER_1167
KK_Earth_radius_per_1e6_m,odmap_gap,PAPER_1167
KK_Earth_radius_per_1e6_m,odmap_gap,PAPER_1167
KK_Earth_radius_per_1e6_m,odmap_gap,PAPER_1167
KK_Earth_radius_per_1e6_m,odmap_gap,PAPER_1167
KK_Earth_radius_per_1e6_m,odmap_gap,PAPER_1167
KK_Earth_radius_per_1e6_m,odmap_gap,PAPER_1167
KK_Earth_radius_per_1e6_m,odmap_gap,PAPER_1167
KK_Earth_radius_per_1e6_m,odmap_gap,PAPER_1167
KK_Earth_radius_per_1e6_m,odmap_gap,PAPER_1167
KK_Jupiter_mass_per_1e27_kg,odmap_gap,PAPER_1167
KK_Jupiter_mass_per_1e27_kg,odmap_gap,PAPER_1167
KK_Jupiter_mass_per_1e27_kg,odmap_gap,PAPER_1167
KK_Jupiter_mass_per_1e27_kg,odmap_gap,PAPER_1167
KK_Jupiter_mass_per_1e27_kg,odmap_gap,PAPER_1167
KK_Jupiter_mass_per_1e27_kg,odmap_gap,PAPER_1167
KK_Jupiter_mass_per_1e27_kg,odmap_gap,PAPER_1167
KK_Jupiter_mass_per_1e27_kg,odmap_gap,PAPER_1167
KK_Jupiter_mass_per_1e27_kg,odmap_gap,PAPER_1167
KK_Mars_orbit_AU,odmap_gap,PAPER_1167
KK_Mars_orbit_AU,odmap_gap,PAPER_1167
KK_Mars_orbit_AU,odmap_gap,PAPER_1167
KK_Mars_orbit_AU,odmap_gap,PAPER_1167
KK_Mars_orbit_AU,odmap_gap,PAPER_1167
KK_Mars_orbit_AU,odmap_gap,PAPER_1167
KK_Mars_orbit_AU,odmap_gap,PAPER_1167
KK_Mars_orbit_AU,odmap_gap,PAPER_1167
KK_Mars_orbit_AU,odmap_gap,PAPER_1167
KK_Mercury_year_per_10_day,odmap_gap,PAPER_1167
KK_Mercury_year_per_10_day,odmap_gap,PAPER_1167
KK_Mercury_year_per_10_day,odmap_gap,PAPER_1167
KK_Mercury_year_per_10_day,odmap_gap,PAPER_1167
KK_Mercury_year_per_10_day,odmap_gap,PAPER_1167
KK_Mercury_year_per_10_day,odmap_gap,PAPER_1167
KK_Mercury_year_per_10_day,odmap_gap,PAPER_1167
KK_Mercury_year_per_10_day,odmap_gap,PAPER_1167
KK_Mercury_year_per_10_day,odmap_gap,PAPER_1167
KK_Moon_orbital_period_per_day,odmap_gap,PAPER_1167
KK_Moon_orbital_period_per_day,odmap_gap,PAPER_1167
KK_Moon_orbital_period_per_day,odmap_gap,PAPER_1167
KK_Moon_orbital_period_per_day,odmap_gap,PAPER_1167
KK_Moon_orbital_period_per_day,odmap_gap,PAPER_1167
KK_Moon_orbital_period_per_day,odmap_gap,PAPER_1167
KK_Moon_orbital_period_per_day,odmap_gap,PAPER_1167
KK_Moon_orbital_period_per_day,odmap_gap,PAPER_1167
KK_Moon_orbital_period_per_day,odmap_gap,PAPER_1167
KK_Sun_mass_per_1e29_kg,odmap_gap,PAPER_1167
KK_Sun_mass_per_1e29_kg,odmap_gap,PAPER_1167
KK_Sun_mass_per_1e29_kg,odmap_gap,PAPER_1167
KK_Sun_mass_per_1e29_kg,odmap_gap,PAPER_1167
KK_Sun_mass_per_1e29_kg,odmap_gap,PAPER_1167
KK_Sun_mass_per_1e29_kg,odmap_gap,PAPER_1167
KK_Sun_mass_per_1e29_kg,odmap_gap,PAPER_1167
KK_Sun_mass_per_1e29_kg,odmap_gap,PAPER_1167
KK_Sun_mass_per_1e29_kg,odmap_gap,PAPER_1167
KK_Sun_radius_per_1e8_m,odmap_gap,PAPER_1167
KK_Sun_radius_per_1e8_m,odmap_gap,PAPER_1167
KK_Sun_radius_per_1e8_m,odmap_gap,PAPER_1167
KK_Sun_radius_per_1e8_m,odmap_gap,PAPER_1167
KK_Sun_radius_per_1e8_m,odmap_gap,PAPER_1167
KK_Sun_radius_per_1e8_m,odmap_gap,PAPER_1167
KK_Sun_radius_per_1e8_m,odmap_gap,PAPER_1167
KK_Sun_radius_per_1e8_m,odmap_gap,PAPER_1167
KK_Sun_radius_per_1e8_m,odmap_gap,PAPER_1167
KK_sidereal_year_per_100_day,odmap_gap,PAPER_1167
KK_sidereal_year_per_100_day,odmap_gap,PAPER_1167
KK_sidereal_year_per_100_day,odmap_gap,PAPER_1167
KK_sidereal_year_per_100_day,odmap_gap,PAPER_1167
KK_sidereal_year_per_100_day,odmap_gap,PAPER_1167
KK_sidereal_year_per_100_day,odmap_gap,PAPER_1167
KK_sidereal_year_per_100_day,odmap_gap,PAPER_1167
KK_sidereal_year_per_100_day,odmap_gap,PAPER_1167
KK_sidereal_year_per_100_day,odmap_gap,PAPER_1167
LCDM_BAO_rd_H0_over_c_alternate,odmap_gap,PAPER_1156
LCDM_BAO_rd_H0_over_c_alternate,odmap_gap,PAPER_1156
LCDM_BAO_rd_H0_over_c_alternate,odmap_gap,PAPER_1156
LCDM_BAO_rd_H0_over_c_alternate,odmap_gap,PAPER_1156
LCDM_BAO_rd_H0_over_c_alternate,odmap_gap,PAPER_1156
LCDM_BAO_rd_H0_over_c_alternate,odmap_gap,PAPER_1156
LCDM_BAO_rd_H0_over_c_alternate,odmap_gap,PAPER_1156
LCDM_BAO_rd_H0_over_c_alternate,odmap_gap,PAPER_1156
LCDM_BAO_rd_H0_over_c_alternate,odmap_gap,PAPER_1156
LCDM_BAO_rd_H0_over_c_primary,odmap_gap,PAPER_1156
LCDM_BAO_rd_H0_over_c_primary,odmap_gap,PAPER_1156
LCDM_BAO_rd_H0_over_c_primary,odmap_gap,PAPER_1156
LCDM_BAO_rd_H0_over_c_primary,odmap_gap,PAPER_1156
LCDM_BAO_rd_H0_over_c_primary,odmap_gap,PAPER_1156
LCDM_BAO_rd_H0_over_c_primary,odmap_gap,PAPER_1156
LCDM_BAO_rd_H0_over_c_primary,odmap_gap,PAPER_1156
LCDM_BAO_rd_H0_over_c_primary,odmap_gap,PAPER_1156
LCDM_BAO_rd_H0_over_c_primary,odmap_gap,PAPER_1156
LCDM_D_over_H,odmap_gap,PAPER_1156
LCDM_D_over_H,odmap_gap,PAPER_1156
LCDM_D_over_H,odmap_gap,PAPER_1156
LCDM_D_over_H,odmap_gap,PAPER_1156
LCDM_D_over_H,odmap_gap,PAPER_1156
LCDM_D_over_H,odmap_gap,PAPER_1156
LCDM_D_over_H,odmap_gap,PAPER_1156
LCDM_D_over_H,odmap_gap,PAPER_1156
LCDM_D_over_H,odmap_gap,PAPER_1156
LCDM_EDGES_T21_amplitude,odmap_gap,PAPER_1761
LCDM_EDGES_T21_amplitude,odmap_gap,PAPER_1761
LCDM_EDGES_T21_amplitude,odmap_gap,PAPER_1761
LCDM_EDGES_T21_amplitude,odmap_gap,PAPER_1761
LCDM_EDGES_T21_amplitude,odmap_gap,PAPER_1761
LCDM_EDGES_T21_amplitude,odmap_gap,PAPER_1761
LCDM_EDGES_T21_amplitude,odmap_gap,PAPER_1761
LCDM_EDGES_T21_amplitude,odmap_gap,PAPER_1761
LCDM_EDGES_T21_amplitude,odmap_gap,PAPER_1761
LCDM_EDGES_extra_cooling,odmap_gap,PAPER_1156
LCDM_EDGES_extra_cooling,odmap_gap,PAPER_1156
LCDM_EDGES_extra_cooling,odmap_gap,PAPER_1156
LCDM_EDGES_extra_cooling,odmap_gap,PAPER_1156
LCDM_EDGES_extra_cooling,odmap_gap,PAPER_1156
LCDM_EDGES_extra_cooling,odmap_gap,PAPER_1156
LCDM_EDGES_extra_cooling,odmap_gap,PAPER_1156
LCDM_EDGES_extra_cooling,odmap_gap,PAPER_1156
LCDM_EDGES_extra_cooling,odmap_gap,PAPER_1156
LCDM_H0_tension_ratio,odmap_gap,PAPER_1156
LCDM_H0_tension_ratio,odmap_gap,PAPER_1156
LCDM_H0_tension_ratio,odmap_gap,PAPER_1156
LCDM_H0_tension_ratio,odmap_gap,PAPER_1156
LCDM_H0_tension_ratio,odmap_gap,PAPER_1156
LCDM_H0_tension_ratio,odmap_gap,PAPER_1156
LCDM_H0_tension_ratio,odmap_gap,PAPER_1156
LCDM_H0_tension_ratio,odmap_gap,PAPER_1156
LCDM_H0_tension_ratio,odmap_gap,PAPER_1156
LCDM_Li7_BBN_dilution,odmap_gap,PAPER_1227
LCDM_Li7_BBN_dilution,odmap_gap,PAPER_1227
LCDM_Li7_BBN_dilution,odmap_gap,PAPER_1227
LCDM_Li7_BBN_dilution,odmap_gap,PAPER_1227
LCDM_Li7_BBN_dilution,odmap_gap,PAPER_1227
LCDM_Li7_BBN_dilution,odmap_gap,PAPER_1227
LCDM_Li7_BBN_dilution,odmap_gap,PAPER_1227
LCDM_Li7_BBN_dilution,odmap_gap,PAPER_1227
LCDM_Li7_BBN_dilution,odmap_gap,PAPER_1227
LCDM_Li7_over_H,odmap_gap,PAPER_1156
LCDM_Li7_over_H,odmap_gap,PAPER_1156
LCDM_Li7_over_H,odmap_gap,PAPER_1156
LCDM_Li7_over_H,odmap_gap,PAPER_1156
LCDM_Li7_over_H,odmap_gap,PAPER_1156
LCDM_Li7_over_H,odmap_gap,PAPER_1156
LCDM_Li7_over_H,odmap_gap,PAPER_1156
LCDM_Li7_over_H,odmap_gap,PAPER_1156
LCDM_Li7_over_H,odmap_gap,PAPER_1156
LCDM_N_eff,odmap_gap,PAPER_1156
LCDM_N_eff,odmap_gap,PAPER_1156
LCDM_N_eff,odmap_gap,PAPER_1156
LCDM_N_eff,odmap_gap,PAPER_1156
LCDM_N_eff,odmap_gap,PAPER_1156
LCDM_N_eff,odmap_gap,PAPER_1156
LCDM_N_eff,odmap_gap,PAPER_1156
LCDM_N_eff,odmap_gap,PAPER_1156
LCDM_N_eff,odmap_gap,PAPER_1156
LCDM_Omega_m,odmap_gap,PAPER_1156
LCDM_Omega_m,odmap_gap,PAPER_1156
LCDM_Omega_m,odmap_gap,PAPER_1156
LCDM_Omega_m,odmap_gap,PAPER_1156
LCDM_Omega_m,odmap_gap,PAPER_1156
LCDM_Omega_m,odmap_gap,PAPER_1156
LCDM_Omega_m,odmap_gap,PAPER_1156
LCDM_Omega_m,odmap_gap,PAPER_1156
LCDM_Omega_m,odmap_gap,PAPER_1156
LCDM_T_CMB,odmap_gap,PAPER_1156
LCDM_T_CMB,odmap_gap,PAPER_1156
LCDM_T_CMB,odmap_gap,PAPER_1156
LCDM_T_CMB,odmap_gap,PAPER_1156
LCDM_T_CMB,odmap_gap,PAPER_1156
LCDM_T_CMB,odmap_gap,PAPER_1156
LCDM_T_CMB,odmap_gap,PAPER_1156
LCDM_T_CMB,odmap_gap,PAPER_1156
LCDM_T_CMB,odmap_gap,PAPER_1156
LCDM_Y_p,odmap_gap,PAPER_1156
LCDM_Y_p,odmap_gap,PAPER_1156
LCDM_Y_p,odmap_gap,PAPER_1156
LCDM_Y_p,odmap_gap,PAPER_1156
LCDM_Y_p,odmap_gap,PAPER_1156
LCDM_Y_p,odmap_gap,PAPER_1156
LCDM_Y_p,odmap_gap,PAPER_1156
LCDM_Y_p,odmap_gap,PAPER_1156
LCDM_Y_p,odmap_gap,PAPER_1156
LCDM_eta_B,odmap_gap,PAPER_1156
LCDM_eta_B,odmap_gap,PAPER_1156
LCDM_eta_B,odmap_gap,PAPER_1156
LCDM_eta_B,odmap_gap,PAPER_1156
LCDM_eta_B,odmap_gap,PAPER_1156
LCDM_eta_B,odmap_gap,PAPER_1156
LCDM_eta_B,odmap_gap,PAPER_1156
LCDM_eta_B,odmap_gap,PAPER_1156
LCDM_eta_B,odmap_gap,PAPER_1156
LCDM_n_s_S336,odmap_gap,PAPER_1156
LCDM_n_s_S336,odmap_gap,PAPER_1156
LCDM_n_s_S336,odmap_gap,PAPER_1156
LCDM_n_s_S336,odmap_gap,PAPER_1156
LCDM_n_s_S336,odmap_gap,PAPER_1156
LCDM_n_s_S336,odmap_gap,PAPER_1156
LCDM_n_s_S336,odmap_gap,PAPER_1156
LCDM_n_s_S336,odmap_gap,PAPER_1156
LCDM_n_s_S336,odmap_gap,PAPER_1156
LCDM_sigma8_KiDS_Planck_lift,odmap_gap,PAPER_1156
LCDM_sigma8_KiDS_Planck_lift,odmap_gap,PAPER_1156
LCDM_sigma8_KiDS_Planck_lift,odmap_gap,PAPER_1156
LCDM_sigma8_KiDS_Planck_lift,odmap_gap,PAPER_1156
LCDM_sigma8_KiDS_Planck_lift,odmap_gap,PAPER_1156
LCDM_sigma8_KiDS_Planck_lift,odmap_gap,PAPER_1156
LCDM_sigma8_KiDS_Planck_lift,odmap_gap,PAPER_1156
LCDM_sigma8_KiDS_Planck_lift,odmap_gap,PAPER_1156
LCDM_sigma8_KiDS_Planck_lift,odmap_gap,PAPER_1156
LCDM_sigma_8_S365,odmap_gap,PAPER_1156
LCDM_sigma_8_S365,odmap_gap,PAPER_1156
LCDM_sigma_8_S365,odmap_gap,PAPER_1156
LCDM_sigma_8_S365,odmap_gap,PAPER_1156
LCDM_sigma_8_S365,odmap_gap,PAPER_1156
LCDM_sigma_8_S365,odmap_gap,PAPER_1156
LCDM_sigma_8_S365,odmap_gap,PAPER_1156
LCDM_sigma_8_S365,odmap_gap,PAPER_1156
LCDM_sigma_8_S365,odmap_gap,PAPER_1156
LCDM_z_reion,odmap_gap,PAPER_1156
LCDM_z_reion,odmap_gap,PAPER_1156
LCDM_z_reion,odmap_gap,PAPER_1156
LCDM_z_reion,odmap_gap,PAPER_1156
LCDM_z_reion,odmap_gap,PAPER_1156
LCDM_z_reion,odmap_gap,PAPER_1156
LCDM_z_reion,odmap_gap,PAPER_1156
LCDM_z_reion,odmap_gap,PAPER_1156
LCDM_z_reion,odmap_gap,PAPER_1156
Pop_III_IMF_max,odmap_gap,PAPER_1652
Pop_III_IMF_max,odmap_gap,PAPER_1652
Pop_III_IMF_max,odmap_gap,PAPER_1652
Pop_III_IMF_max,odmap_gap,PAPER_1652
Pop_III_IMF_max,odmap_gap,PAPER_1652
Pop_III_IMF_max,odmap_gap,PAPER_1652
Pop_III_IMF_max,odmap_gap,PAPER_1652
Pop_III_IMF_max,odmap_gap,PAPER_1652
Pop_III_IMF_max,odmap_gap,PAPER_1652
SM_PMNS_theta_12_deg,odmap_gap,PAPER_1209HH
SM_PMNS_theta_12_deg,odmap_gap,PAPER_1209HH
SM_PMNS_theta_12_deg,odmap_gap,PAPER_1209HH
SM_PMNS_theta_12_deg,odmap_gap,PAPER_1209HH
SM_PMNS_theta_12_deg,odmap_gap,PAPER_1209HH
SM_PMNS_theta_12_deg,odmap_gap,PAPER_1209HH
SM_PMNS_theta_12_deg,odmap_gap,PAPER_1209HH
SM_PMNS_theta_12_deg,odmap_gap,PAPER_1209HH
SM_PMNS_theta_12_deg,odmap_gap,PAPER_1209HH
SM_alpha_s_M_Z_S378,odmap_gap,PAPER_1209HH
SM_alpha_s_M_Z_S378,odmap_gap,PAPER_1209HH
SM_alpha_s_M_Z_S378,odmap_gap,PAPER_1209HH
SM_alpha_s_M_Z_S378,odmap_gap,PAPER_1209HH
SM_alpha_s_M_Z_S378,odmap_gap,PAPER_1209HH
SM_alpha_s_M_Z_S378,odmap_gap,PAPER_1209HH
SM_alpha_s_M_Z_S378,odmap_gap,PAPER_1209HH
SM_alpha_s_M_Z_S378,odmap_gap,PAPER_1209HH
SM_alpha_s_M_Z_S378,odmap_gap,PAPER_1209HH
SM_cabibbo_sin_S379,odmap_gap,PAPER_1209HH
SM_cabibbo_sin_S379,odmap_gap,PAPER_1209HH
SM_cabibbo_sin_S379,odmap_gap,PAPER_1209HH
SM_cabibbo_sin_S379,odmap_gap,PAPER_1209HH
SM_cabibbo_sin_S379,odmap_gap,PAPER_1209HH
SM_cabibbo_sin_S379,odmap_gap,PAPER_1209HH
SM_cabibbo_sin_S379,odmap_gap,PAPER_1209HH
SM_cabibbo_sin_S379,odmap_gap,PAPER_1209HH
SM_cabibbo_sin_S379,odmap_gap,PAPER_1209HH
SM_cabibbo_sin_alternate,odmap_gap,PAPER_1167
SM_cabibbo_sin_alternate,odmap_gap,PAPER_1167
SM_cabibbo_sin_alternate,odmap_gap,PAPER_1167
SM_cabibbo_sin_alternate,odmap_gap,PAPER_1167
SM_cabibbo_sin_alternate,odmap_gap,PAPER_1167
SM_cabibbo_sin_alternate,odmap_gap,PAPER_1167
SM_cabibbo_sin_alternate,odmap_gap,PAPER_1167
SM_cabibbo_sin_alternate,odmap_gap,PAPER_1167
SM_cabibbo_sin_alternate,odmap_gap,PAPER_1167
SM_cabibbo_sin_primary,odmap_gap,PAPER_1167
SM_cabibbo_sin_primary,odmap_gap,PAPER_1167
SM_cabibbo_sin_primary,odmap_gap,PAPER_1167
SM_cabibbo_sin_primary,odmap_gap,PAPER_1167
SM_cabibbo_sin_primary,odmap_gap,PAPER_1167
SM_cabibbo_sin_primary,odmap_gap,PAPER_1167
SM_cabibbo_sin_primary,odmap_gap,PAPER_1167
SM_cabibbo_sin_primary,odmap_gap,PAPER_1167
SM_cabibbo_sin_primary,odmap_gap,PAPER_1167
SM_cabibbo_theta_deg_S326,odmap_gap,PAPER_1167
SM_cabibbo_theta_deg_S326,odmap_gap,PAPER_1167
SM_cabibbo_theta_deg_S326,odmap_gap,PAPER_1167
SM_cabibbo_theta_deg_S326,odmap_gap,PAPER_1167
SM_cabibbo_theta_deg_S326,odmap_gap,PAPER_1167
SM_cabibbo_theta_deg_S326,odmap_gap,PAPER_1167
SM_cabibbo_theta_deg_S326,odmap_gap,PAPER_1167
SM_cabibbo_theta_deg_S326,odmap_gap,PAPER_1167
SM_cabibbo_theta_deg_S326,odmap_gap,PAPER_1167
SM_delta_CP,odmap_gap,PAPER_1209HH
SM_delta_CP,odmap_gap,PAPER_1209HH
SM_delta_CP,odmap_gap,PAPER_1209HH
SM_delta_CP,odmap_gap,PAPER_1209HH
SM_delta_CP,odmap_gap,PAPER_1209HH
SM_delta_CP,odmap_gap,PAPER_1209HH
SM_delta_CP,odmap_gap,PAPER_1209HH
SM_delta_CP,odmap_gap,PAPER_1209HH
SM_delta_CP,odmap_gap,PAPER_1209HH
SM_eta_gamma_gamma_BR,odmap_gap,PAPER_1209HH
SM_eta_gamma_gamma_BR,odmap_gap,PAPER_1209HH
SM_eta_gamma_gamma_BR,odmap_gap,PAPER_1209HH
SM_eta_gamma_gamma_BR,odmap_gap,PAPER_1209HH
SM_eta_gamma_gamma_BR,odmap_gap,PAPER_1209HH
SM_eta_gamma_gamma_BR,odmap_gap,PAPER_1209HH
SM_eta_gamma_gamma_BR,odmap_gap,PAPER_1209HH
SM_eta_gamma_gamma_BR,odmap_gap,PAPER_1209HH
SM_eta_gamma_gamma_BR,odmap_gap,PAPER_1209HH
SM_generation_count,odmap_gap,PAPER_1167
SM_generation_count,odmap_gap,PAPER_1167
SM_generation_count,odmap_gap,PAPER_1167
SM_generation_count,odmap_gap,PAPER_1167
SM_generation_count,odmap_gap,PAPER_1167
SM_generation_count,odmap_gap,PAPER_1167
SM_generation_count,odmap_gap,PAPER_1167
SM_generation_count,odmap_gap,PAPER_1167
SM_generation_count,odmap_gap,PAPER_1167
SM_higgs_lambda_S377,odmap_gap,PAPER_1209HH
SM_higgs_lambda_S377,odmap_gap,PAPER_1209HH
SM_higgs_lambda_S377,odmap_gap,PAPER_1209HH
SM_higgs_lambda_S377,odmap_gap,PAPER_1209HH
SM_higgs_lambda_S377,odmap_gap,PAPER_1209HH
SM_higgs_lambda_S377,odmap_gap,PAPER_1209HH
SM_higgs_lambda_S377,odmap_gap,PAPER_1209HH
SM_higgs_lambda_S377,odmap_gap,PAPER_1209HH
SM_higgs_lambda_S377,odmap_gap,PAPER_1209HH
SM_higgs_lambda_S441,odmap_gap,PAPER_1209HH
SM_higgs_lambda_S441,odmap_gap,PAPER_1209HH
SM_higgs_lambda_S441,odmap_gap,PAPER_1209HH
SM_higgs_lambda_S441,odmap_gap,PAPER_1209HH
SM_higgs_lambda_S441,odmap_gap,PAPER_1209HH
SM_higgs_lambda_S441,odmap_gap,PAPER_1209HH
SM_higgs_lambda_S441,odmap_gap,PAPER_1209HH
SM_higgs_lambda_S441,odmap_gap,PAPER_1209HH
SM_higgs_lambda_S441,odmap_gap,PAPER_1209HH
SM_jarlskog_J,odmap_gap,PAPER_1209HH
SM_jarlskog_J,odmap_gap,PAPER_1209HH
SM_jarlskog_J,odmap_gap,PAPER_1209HH
SM_jarlskog_J,odmap_gap,PAPER_1209HH
SM_jarlskog_J,odmap_gap,PAPER_1209HH
SM_jarlskog_J,odmap_gap,PAPER_1209HH
SM_jarlskog_J,odmap_gap,PAPER_1209HH
SM_jarlskog_J,odmap_gap,PAPER_1209HH
SM_jarlskog_J,odmap_gap,PAPER_1209HH
SM_mH_over_mt,odmap_gap,PAPER_1209HH
SM_mH_over_mt,odmap_gap,PAPER_1209HH
SM_mH_over_mt,odmap_gap,PAPER_1209HH
SM_mH_over_mt,odmap_gap,PAPER_1209HH
SM_mH_over_mt,odmap_gap,PAPER_1209HH
SM_mH_over_mt,odmap_gap,PAPER_1209HH
SM_mH_over_mt,odmap_gap,PAPER_1209HH
SM_mH_over_mt,odmap_gap,PAPER_1209HH
SM_mH_over_mt,odmap_gap,PAPER_1209HH
SM_mt_over_mW,odmap_gap,PAPER_1209HH
SM_mt_over_mW,odmap_gap,PAPER_1209HH
SM_mt_over_mW,odmap_gap,PAPER_1209HH
SM_mt_over_mW,odmap_gap,PAPER_1209HH
SM_mt_over_mW,odmap_gap,PAPER_1209HH
SM_mt_over_mW,odmap_gap,PAPER_1209HH
SM_mt_over_mW,odmap_gap,PAPER_1209HH
SM_mt_over_mW,odmap_gap,PAPER_1209HH
SM_mt_over_mW,odmap_gap,PAPER_1209HH
SM_proton_g_factor,odmap_gap,PAPER_1209HH
SM_proton_g_factor,odmap_gap,PAPER_1209HH
SM_proton_g_factor,odmap_gap,PAPER_1209HH
SM_proton_g_factor,odmap_gap,PAPER_1209HH
SM_proton_g_factor,odmap_gap,PAPER_1209HH
SM_proton_g_factor,odmap_gap,PAPER_1209HH
SM_proton_g_factor,odmap_gap,PAPER_1209HH
SM_proton_g_factor,odmap_gap,PAPER_1209HH
SM_proton_g_factor,odmap_gap,PAPER_1209HH
SM_theta_23_atm,odmap_gap,PAPER_1209HH
SM_theta_23_atm,odmap_gap,PAPER_1209HH
SM_theta_23_atm,odmap_gap,PAPER_1209HH
SM_theta_23_atm,odmap_gap,PAPER_1209HH
SM_theta_23_atm,odmap_gap,PAPER_1209HH
SM_theta_23_atm,odmap_gap,PAPER_1209HH
SM_theta_23_atm,odmap_gap,PAPER_1209HH
SM_theta_23_atm,odmap_gap,PAPER_1209HH
SM_theta_23_atm,odmap_gap,PAPER_1209HH
SM_top_yukawa_S376,odmap_gap,PAPER_1209HH
SM_top_yukawa_S376,odmap_gap,PAPER_1209HH
SM_top_yukawa_S376,odmap_gap,PAPER_1209HH
SM_top_yukawa_S376,odmap_gap,PAPER_1209HH
SM_top_yukawa_S376,odmap_gap,PAPER_1209HH
SM_top_yukawa_S376,odmap_gap,PAPER_1209HH
SM_top_yukawa_S376,odmap_gap,PAPER_1209HH
SM_top_yukawa_S376,odmap_gap,PAPER_1209HH
SM_top_yukawa_S376,odmap_gap,PAPER_1209HH
SM_top_yukawa_S440,odmap_gap,PAPER_1209HH
SM_top_yukawa_S440,odmap_gap,PAPER_1209HH
SM_top_yukawa_S440,odmap_gap,PAPER_1209HH
SM_top_yukawa_S440,odmap_gap,PAPER_1209HH
SM_top_yukawa_S440,odmap_gap,PAPER_1209HH
SM_top_yukawa_S440,odmap_gap,PAPER_1209HH
SM_top_yukawa_S440,odmap_gap,PAPER_1209HH
SM_top_yukawa_S440,odmap_gap,PAPER_1209HH
SM_top_yukawa_S440,odmap_gap,PAPER_1209HH
SM_wimp_exponent,odmap_gap,PAPER_1209HH
SM_wimp_exponent,odmap_gap,PAPER_1209HH
SM_wimp_exponent,odmap_gap,PAPER_1209HH
SM_wimp_exponent,odmap_gap,PAPER_1209HH
SM_wimp_exponent,odmap_gap,PAPER_1209HH
SM_wimp_exponent,odmap_gap,PAPER_1209HH
SM_wimp_exponent,odmap_gap,PAPER_1209HH
SM_wimp_exponent,odmap_gap,PAPER_1209HH
SM_wimp_exponent,odmap_gap,PAPER_1209HH
alpha_inverse,odmap_gap,PAPER_1167
alpha_inverse,odmap_gap,PAPER_1167
alpha_inverse,odmap_gap,PAPER_1167
alpha_inverse,odmap_gap,PAPER_1167
alpha_inverse,odmap_gap,PAPER_1167
alpha_inverse,odmap_gap,PAPER_1167
alpha_inverse,odmap_gap,PAPER_1167
alpha_inverse,odmap_gap,PAPER_1167
alpha_inverse,odmap_gap,PAPER_1167
alpha_s_M_Z,odmap_gap,PAPER_1167
alpha_s_M_Z,odmap_gap,PAPER_1167
alpha_s_M_Z,odmap_gap,PAPER_1167
alpha_s_M_Z,odmap_gap,PAPER_1167
alpha_s_M_Z,odmap_gap,PAPER_1167
alpha_s_M_Z,odmap_gap,PAPER_1167
alpha_s_M_Z,odmap_gap,PAPER_1167
alpha_s_M_Z,odmap_gap,PAPER_1167
alpha_s_M_Z,odmap_gap,PAPER_1167
astro_BH_entropy_coeff,odmap_gap,PAPER_594
astro_BH_entropy_coeff,odmap_gap,PAPER_594
astro_BH_entropy_coeff,odmap_gap,PAPER_594
astro_BH_entropy_coeff,odmap_gap,PAPER_594
astro_BH_entropy_coeff,odmap_gap,PAPER_594
astro_BH_entropy_coeff,odmap_gap,PAPER_594
astro_BH_entropy_coeff,odmap_gap,PAPER_594
astro_BH_entropy_coeff,odmap_gap,PAPER_594
astro_BH_entropy_coeff,odmap_gap,PAPER_594
astro_Chandrasekhar_mass,odmap_gap,PAPER_1149
astro_Chandrasekhar_mass,odmap_gap,PAPER_1149
astro_Chandrasekhar_mass,odmap_gap,PAPER_1149
astro_Chandrasekhar_mass,odmap_gap,PAPER_1149
astro_Chandrasekhar_mass,odmap_gap,PAPER_1149
astro_Chandrasekhar_mass,odmap_gap,PAPER_1149
astro_Chandrasekhar_mass,odmap_gap,PAPER_1149
astro_Chandrasekhar_mass,odmap_gap,PAPER_1149
astro_Chandrasekhar_mass,odmap_gap,PAPER_1149
astro_ISCO_r_M,odmap_gap,PAPER_1149
astro_ISCO_r_M,odmap_gap,PAPER_1149
astro_ISCO_r_M,odmap_gap,PAPER_1149
astro_ISCO_r_M,odmap_gap,PAPER_1149
astro_ISCO_r_M,odmap_gap,PAPER_1149
astro_ISCO_r_M,odmap_gap,PAPER_1149
astro_ISCO_r_M,odmap_gap,PAPER_1149
astro_ISCO_r_M,odmap_gap,PAPER_1149
astro_ISCO_r_M,odmap_gap,PAPER_1149
astro_NS_compactness,odmap_gap,PAPER_1149
astro_NS_compactness,odmap_gap,PAPER_1149
astro_NS_compactness,odmap_gap,PAPER_1149
astro_NS_compactness,odmap_gap,PAPER_1149
astro_NS_compactness,odmap_gap,PAPER_1149
astro_NS_compactness,odmap_gap,PAPER_1149
astro_NS_compactness,odmap_gap,PAPER_1149
astro_NS_compactness,odmap_gap,PAPER_1149
astro_NS_compactness,odmap_gap,PAPER_1149
astro_Salpeter_IMF_alpha,odmap_gap,PAPER_1149
astro_Salpeter_IMF_alpha,odmap_gap,PAPER_1149
astro_Salpeter_IMF_alpha,odmap_gap,PAPER_1149
astro_Salpeter_IMF_alpha,odmap_gap,PAPER_1149
astro_Salpeter_IMF_alpha,odmap_gap,PAPER_1149
astro_Salpeter_IMF_alpha,odmap_gap,PAPER_1149
astro_Salpeter_IMF_alpha,odmap_gap,PAPER_1149
astro_Salpeter_IMF_alpha,odmap_gap,PAPER_1149
astro_Salpeter_IMF_alpha,odmap_gap,PAPER_1149
astro_Solar_Schwarzschild_ratio,odmap_gap,PAPER_1149
astro_Solar_Schwarzschild_ratio,odmap_gap,PAPER_1149
astro_Solar_Schwarzschild_ratio,odmap_gap,PAPER_1149
astro_Solar_Schwarzschild_ratio,odmap_gap,PAPER_1149
astro_Solar_Schwarzschild_ratio,odmap_gap,PAPER_1149
astro_Solar_Schwarzschild_ratio,odmap_gap,PAPER_1149
astro_Solar_Schwarzschild_ratio,odmap_gap,PAPER_1149
astro_Solar_Schwarzschild_ratio,odmap_gap,PAPER_1149
astro_Solar_Schwarzschild_ratio,odmap_gap,PAPER_1149
astro_TOV_max_mass,odmap_gap,PAPER_1149
astro_TOV_max_mass,odmap_gap,PAPER_1149
astro_TOV_max_mass,odmap_gap,PAPER_1149
astro_TOV_max_mass,odmap_gap,PAPER_1149
astro_TOV_max_mass,odmap_gap,PAPER_1149
astro_TOV_max_mass,odmap_gap,PAPER_1149
astro_TOV_max_mass,odmap_gap,PAPER_1149
astro_TOV_max_mass,odmap_gap,PAPER_1149
astro_TOV_max_mass,odmap_gap,PAPER_1149
astro_WD_radius_mass_exponent,odmap_gap,PAPER_1149
astro_WD_radius_mass_exponent,odmap_gap,PAPER_1149
astro_WD_radius_mass_exponent,odmap_gap,PAPER_1149
astro_WD_radius_mass_exponent,odmap_gap,PAPER_1149
astro_WD_radius_mass_exponent,odmap_gap,PAPER_1149
astro_WD_radius_mass_exponent,odmap_gap,PAPER_1149
astro_WD_radius_mass_exponent,odmap_gap,PAPER_1149
astro_WD_radius_mass_exponent,odmap_gap,PAPER_1149
astro_WD_radius_mass_exponent,odmap_gap,PAPER_1149
astro_grav_binding_coeff,odmap_gap,PAPER_1149
astro_grav_binding_coeff,odmap_gap,PAPER_1149
astro_grav_binding_coeff,odmap_gap,PAPER_1149
astro_grav_binding_coeff,odmap_gap,PAPER_1149
astro_grav_binding_coeff,odmap_gap,PAPER_1149
astro_grav_binding_coeff,odmap_gap,PAPER_1149
astro_grav_binding_coeff,odmap_gap,PAPER_1149
astro_grav_binding_coeff,odmap_gap,PAPER_1149
astro_grav_binding_coeff,odmap_gap,PAPER_1149
astro_photon_sphere_r_M,odmap_gap,PAPER_1149
astro_photon_sphere_r_M,odmap_gap,PAPER_1149
astro_photon_sphere_r_M,odmap_gap,PAPER_1149
astro_photon_sphere_r_M,odmap_gap,PAPER_1149
astro_photon_sphere_r_M,odmap_gap,PAPER_1149
astro_photon_sphere_r_M,odmap_gap,PAPER_1149
astro_photon_sphere_r_M,odmap_gap,PAPER_1149
astro_photon_sphere_r_M,odmap_gap,PAPER_1149
astro_photon_sphere_r_M,odmap_gap,PAPER_1149
bertrand_uniform,odmap_gap,PAPER_1776
bertrand_uniform,odmap_gap,PAPER_1776
bertrand_uniform,odmap_gap,PAPER_1776
bertrand_uniform,odmap_gap,PAPER_1776
bertrand_uniform,odmap_gap,PAPER_1776
bertrand_uniform,odmap_gap,PAPER_1776
bertrand_uniform,odmap_gap,PAPER_1776
bertrand_uniform,odmap_gap,PAPER_1776
bertrand_uniform,odmap_gap,PAPER_1776
bio_ATP_hydrolysis_kJ_mol,odmap_gap,PAPER_1167
bio_ATP_hydrolysis_kJ_mol,odmap_gap,PAPER_1167
bio_ATP_hydrolysis_kJ_mol,odmap_gap,PAPER_1167
bio_ATP_hydrolysis_kJ_mol,odmap_gap,PAPER_1167
bio_ATP_hydrolysis_kJ_mol,odmap_gap,PAPER_1167
bio_ATP_hydrolysis_kJ_mol,odmap_gap,PAPER_1167
bio_ATP_hydrolysis_kJ_mol,odmap_gap,PAPER_1167
bio_ATP_hydrolysis_kJ_mol,odmap_gap,PAPER_1167
bio_ATP_hydrolysis_kJ_mol,odmap_gap,PAPER_1167
bio_DNA_pitch_bp_per_turn,odmap_gap,PAPER_1167
bio_DNA_pitch_bp_per_turn,odmap_gap,PAPER_1167
bio_DNA_pitch_bp_per_turn,odmap_gap,PAPER_1167
bio_DNA_pitch_bp_per_turn,odmap_gap,PAPER_1167
bio_DNA_pitch_bp_per_turn,odmap_gap,PAPER_1167
bio_DNA_pitch_bp_per_turn,odmap_gap,PAPER_1167
bio_DNA_pitch_bp_per_turn,odmap_gap,PAPER_1167
bio_DNA_pitch_bp_per_turn,odmap_gap,PAPER_1167
bio_DNA_pitch_bp_per_turn,odmap_gap,PAPER_1167
bio_Hill_coefficient_O2,odmap_gap,PAPER_1167
bio_Hill_coefficient_O2,odmap_gap,PAPER_1167
bio_Hill_coefficient_O2,odmap_gap,PAPER_1167
bio_Hill_coefficient_O2,odmap_gap,PAPER_1167
bio_Hill_coefficient_O2,odmap_gap,PAPER_1167
bio_Hill_coefficient_O2,odmap_gap,PAPER_1167
bio_Hill_coefficient_O2,odmap_gap,PAPER_1167
bio_Hill_coefficient_O2,odmap_gap,PAPER_1167
bio_Hill_coefficient_O2,odmap_gap,PAPER_1167
bio_Kleiber_exponent,odmap_gap,PAPER_1167
bio_Kleiber_exponent,odmap_gap,PAPER_1167
bio_Kleiber_exponent,odmap_gap,PAPER_1167
bio_Kleiber_exponent,odmap_gap,PAPER_1167
bio_Kleiber_exponent,odmap_gap,PAPER_1167
bio_Kleiber_exponent,odmap_gap,PAPER_1167
bio_Kleiber_exponent,odmap_gap,PAPER_1167
bio_Kleiber_exponent,odmap_gap,PAPER_1167
bio_Kleiber_exponent,odmap_gap,PAPER_1167
bio_Redfield_C_N_ratio,odmap_gap,PAPER_1167
bio_Redfield_C_N_ratio,odmap_gap,PAPER_1167
bio_Redfield_C_N_ratio,odmap_gap,PAPER_1167
bio_Redfield_C_N_ratio,odmap_gap,PAPER_1167
bio_Redfield_C_N_ratio,odmap_gap,PAPER_1167
bio_Redfield_C_N_ratio,odmap_gap,PAPER_1167
bio_Redfield_C_N_ratio,odmap_gap,PAPER_1167
bio_Redfield_C_N_ratio,odmap_gap,PAPER_1167
bio_Redfield_C_N_ratio,odmap_gap,PAPER_1167
bio_chlorophyll_a_peak_nm,odmap_gap,PAPER_1167
bio_chlorophyll_a_peak_nm,odmap_gap,PAPER_1167
bio_chlorophyll_a_peak_nm,odmap_gap,PAPER_1167
bio_chlorophyll_a_peak_nm,odmap_gap,PAPER_1167
bio_chlorophyll_a_peak_nm,odmap_gap,PAPER_1167
bio_chlorophyll_a_peak_nm,odmap_gap,PAPER_1167
bio_chlorophyll_a_peak_nm,odmap_gap,PAPER_1167
bio_chlorophyll_a_peak_nm,odmap_gap,PAPER_1167
bio_chlorophyll_a_peak_nm,odmap_gap,PAPER_1167
bio_codon_redundancy_64_20,odmap_gap,PAPER_1167
bio_codon_redundancy_64_20,odmap_gap,PAPER_1167
bio_codon_redundancy_64_20,odmap_gap,PAPER_1167
bio_codon_redundancy_64_20,odmap_gap,PAPER_1167
bio_codon_redundancy_64_20,odmap_gap,PAPER_1167
bio_codon_redundancy_64_20,odmap_gap,PAPER_1167
bio_codon_redundancy_64_20,odmap_gap,PAPER_1167
bio_codon_redundancy_64_20,odmap_gap,PAPER_1167
bio_codon_redundancy_64_20,odmap_gap,PAPER_1167
bio_photosynthesis_quantum_yield,odmap_gap,PAPER_1167
bio_photosynthesis_quantum_yield,odmap_gap,PAPER_1167
bio_photosynthesis_quantum_yield,odmap_gap,PAPER_1167
bio_photosynthesis_quantum_yield,odmap_gap,PAPER_1167
bio_photosynthesis_quantum_yield,odmap_gap,PAPER_1167
bio_photosynthesis_quantum_yield,odmap_gap,PAPER_1167
bio_photosynthesis_quantum_yield,odmap_gap,PAPER_1167
bio_photosynthesis_quantum_yield,odmap_gap,PAPER_1167
bio_photosynthesis_quantum_yield,odmap_gap,PAPER_1167
bio_phyllotaxis_golden_ratio,odmap_gap,PAPER_1167
bio_phyllotaxis_golden_ratio,odmap_gap,PAPER_1167
bio_phyllotaxis_golden_ratio,odmap_gap,PAPER_1167
bio_phyllotaxis_golden_ratio,odmap_gap,PAPER_1167
bio_phyllotaxis_golden_ratio,odmap_gap,PAPER_1167
bio_phyllotaxis_golden_ratio,odmap_gap,PAPER_1167
bio_phyllotaxis_golden_ratio,odmap_gap,PAPER_1167
bio_phyllotaxis_golden_ratio,odmap_gap,PAPER_1167
bio_phyllotaxis_golden_ratio,odmap_gap,PAPER_1167
bio_telomere_TTAGGG_length,odmap_gap,PAPER_1167
bio_telomere_TTAGGG_length,odmap_gap,PAPER_1167
bio_telomere_TTAGGG_length,odmap_gap,PAPER_1167
bio_telomere_TTAGGG_length,odmap_gap,PAPER_1167
bio_telomere_TTAGGG_length,odmap_gap,PAPER_1167
bio_telomere_TTAGGG_length,odmap_gap,PAPER_1167
bio_telomere_TTAGGG_length,odmap_gap,PAPER_1167
bio_telomere_TTAGGG_length,odmap_gap,PAPER_1167
bio_telomere_TTAGGG_length,odmap_gap,PAPER_1167
flat_rotation_beta_i,odmap_gap,PAPER_1756
flat_rotation_beta_i,odmap_gap,PAPER_1756
flat_rotation_beta_i,odmap_gap,PAPER_1756
flat_rotation_beta_i,odmap_gap,PAPER_1756
flat_rotation_beta_i,odmap_gap,PAPER_1756
flat_rotation_beta_i,odmap_gap,PAPER_1756
flat_rotation_beta_i,odmap_gap,PAPER_1756
flat_rotation_beta_i,odmap_gap,PAPER_1756
flat_rotation_beta_i,odmap_gap,PAPER_1756
geo_Earth_Moon_a_over_R_E,odmap_gap,PAPER_1167
geo_Earth_Moon_a_over_R_E,odmap_gap,PAPER_1167
geo_Earth_Moon_a_over_R_E,odmap_gap,PAPER_1167
geo_Earth_Moon_a_over_R_E,odmap_gap,PAPER_1167
geo_Earth_Moon_a_over_R_E,odmap_gap,PAPER_1167
geo_Earth_Moon_a_over_R_E,odmap_gap,PAPER_1167
geo_Earth_Moon_a_over_R_E,odmap_gap,PAPER_1167
geo_Earth_Moon_a_over_R_E,odmap_gap,PAPER_1167
geo_Earth_Moon_a_over_R_E,odmap_gap,PAPER_1167
geo_Earth_obliquity_deg,odmap_gap,PAPER_1167
geo_Earth_obliquity_deg,odmap_gap,PAPER_1167
geo_Earth_obliquity_deg,odmap_gap,PAPER_1167
geo_Earth_obliquity_deg,odmap_gap,PAPER_1167
geo_Earth_obliquity_deg,odmap_gap,PAPER_1167
geo_Earth_obliquity_deg,odmap_gap,PAPER_1167
geo_Earth_obliquity_deg,odmap_gap,PAPER_1167
geo_Earth_obliquity_deg,odmap_gap,PAPER_1167
geo_Earth_obliquity_deg,odmap_gap,PAPER_1167
geo_J2_oblateness_norm,odmap_gap,PAPER_1167
geo_J2_oblateness_norm,odmap_gap,PAPER_1167
geo_J2_oblateness_norm,odmap_gap,PAPER_1167
geo_J2_oblateness_norm,odmap_gap,PAPER_1167
geo_J2_oblateness_norm,odmap_gap,PAPER_1167
geo_J2_oblateness_norm,odmap_gap,PAPER_1167
geo_J2_oblateness_norm,odmap_gap,PAPER_1167
geo_J2_oblateness_norm,odmap_gap,PAPER_1167
geo_J2_oblateness_norm,odmap_gap,PAPER_1167
geo_adiabatic_lapse_K_per_km,odmap_gap,PAPER_1167
geo_adiabatic_lapse_K_per_km,odmap_gap,PAPER_1167
geo_adiabatic_lapse_K_per_km,odmap_gap,PAPER_1167
geo_adiabatic_lapse_K_per_km,odmap_gap,PAPER_1167
geo_adiabatic_lapse_K_per_km,odmap_gap,PAPER_1167
geo_adiabatic_lapse_K_per_km,odmap_gap,PAPER_1167
geo_adiabatic_lapse_K_per_km,odmap_gap,PAPER_1167
geo_adiabatic_lapse_K_per_km,odmap_gap,PAPER_1167
geo_adiabatic_lapse_K_per_km,odmap_gap,PAPER_1167
geo_atm_pressure_atm_norm,odmap_gap,PAPER_1167
geo_atm_pressure_atm_norm,odmap_gap,PAPER_1167
geo_atm_pressure_atm_norm,odmap_gap,PAPER_1167
geo_atm_pressure_atm_norm,odmap_gap,PAPER_1167
geo_atm_pressure_atm_norm,odmap_gap,PAPER_1167
geo_atm_pressure_atm_norm,odmap_gap,PAPER_1167
geo_atm_pressure_atm_norm,odmap_gap,PAPER_1167
geo_atm_pressure_atm_norm,odmap_gap,PAPER_1167
geo_atm_pressure_atm_norm,odmap_gap,PAPER_1167
geo_atmospheric_scale_height_km,odmap_gap,PAPER_1167
geo_atmospheric_scale_height_km,odmap_gap,PAPER_1167
geo_atmospheric_scale_height_km,odmap_gap,PAPER_1167
geo_atmospheric_scale_height_km,odmap_gap,PAPER_1167
geo_atmospheric_scale_height_km,odmap_gap,PAPER_1167
geo_atmospheric_scale_height_km,odmap_gap,PAPER_1167
geo_atmospheric_scale_height_km,odmap_gap,PAPER_1167
geo_atmospheric_scale_height_km,odmap_gap,PAPER_1167
geo_atmospheric_scale_height_km,odmap_gap,PAPER_1167
geo_brunt_vaisala_N2_s2,odmap_gap,PAPER_1167
geo_brunt_vaisala_N2_s2,odmap_gap,PAPER_1167
geo_brunt_vaisala_N2_s2,odmap_gap,PAPER_1167
geo_brunt_vaisala_N2_s2,odmap_gap,PAPER_1167
geo_brunt_vaisala_N2_s2,odmap_gap,PAPER_1167
geo_brunt_vaisala_N2_s2,odmap_gap,PAPER_1167
geo_brunt_vaisala_N2_s2,odmap_gap,PAPER_1167
geo_brunt_vaisala_N2_s2,odmap_gap,PAPER_1167
geo_brunt_vaisala_N2_s2,odmap_gap,PAPER_1167
geo_greenhouse_DeltaT_K,odmap_gap,PAPER_1167
geo_greenhouse_DeltaT_K,odmap_gap,PAPER_1167
geo_greenhouse_DeltaT_K,odmap_gap,PAPER_1167
geo_greenhouse_DeltaT_K,odmap_gap,PAPER_1167
geo_greenhouse_DeltaT_K,odmap_gap,PAPER_1167
geo_greenhouse_DeltaT_K,odmap_gap,PAPER_1167
geo_greenhouse_DeltaT_K,odmap_gap,PAPER_1167
geo_greenhouse_DeltaT_K,odmap_gap,PAPER_1167
geo_greenhouse_DeltaT_K,odmap_gap,PAPER_1167
geo_magnetopause_R_E,odmap_gap,PAPER_1167
geo_magnetopause_R_E,odmap_gap,PAPER_1167
geo_magnetopause_R_E,odmap_gap,PAPER_1167
geo_magnetopause_R_E,odmap_gap,PAPER_1167
geo_magnetopause_R_E,odmap_gap,PAPER_1167
geo_magnetopause_R_E,odmap_gap,PAPER_1167
geo_magnetopause_R_E,odmap_gap,PAPER_1167
geo_magnetopause_R_E,odmap_gap,PAPER_1167
geo_magnetopause_R_E,odmap_gap,PAPER_1167
geo_ocean_salinity_ppt,odmap_gap,PAPER_1167
geo_ocean_salinity_ppt,odmap_gap,PAPER_1167
geo_ocean_salinity_ppt,odmap_gap,PAPER_1167
geo_ocean_salinity_ppt,odmap_gap,PAPER_1167
geo_ocean_salinity_ppt,odmap_gap,PAPER_1167
geo_ocean_salinity_ppt,odmap_gap,PAPER_1167
geo_ocean_salinity_ppt,odmap_gap,PAPER_1167
geo_ocean_salinity_ppt,odmap_gap,PAPER_1167
geo_ocean_salinity_ppt,odmap_gap,PAPER_1167
higgs_vev,odmap_gap,PAPER_1636
higgs_vev,odmap_gap,PAPER_1636
higgs_vev,odmap_gap,PAPER_1636
higgs_vev,odmap_gap,PAPER_1636
higgs_vev,odmap_gap,PAPER_1636
higgs_vev,odmap_gap,PAPER_1636
higgs_vev,odmap_gap,PAPER_1636
higgs_vev,odmap_gap,PAPER_1636
higgs_vev,odmap_gap,PAPER_1636
hubble_tension,odmap_gap,PAPER_1676
hubble_tension,odmap_gap,PAPER_1676
hubble_tension,odmap_gap,PAPER_1676
hubble_tension,odmap_gap,PAPER_1676
hubble_tension,odmap_gap,PAPER_1676
hubble_tension,odmap_gap,PAPER_1676
hubble_tension,odmap_gap,PAPER_1676
hubble_tension,odmap_gap,PAPER_1676
hubble_tension,odmap_gap,PAPER_1676
m_W_alt,odmap_gap,PAPER_1686
m_W_alt,odmap_gap,PAPER_1686
m_W_alt,odmap_gap,PAPER_1686
m_W_alt,odmap_gap,PAPER_1686
m_W_alt,odmap_gap,PAPER_1686
m_W_alt,odmap_gap,PAPER_1686
m_W_alt,odmap_gap,PAPER_1686
m_W_alt,odmap_gap,PAPER_1686
m_W_alt,odmap_gap,PAPER_1686
mp_me_ratio,odmap_gap,PAPER_1167
mp_me_ratio,odmap_gap,PAPER_1167
mp_me_ratio,odmap_gap,PAPER_1167
mp_me_ratio,odmap_gap,PAPER_1167
mp_me_ratio,odmap_gap,PAPER_1167
mp_me_ratio,odmap_gap,PAPER_1167
mp_me_ratio,odmap_gap,PAPER_1167
mp_me_ratio,odmap_gap,PAPER_1167
mp_me_ratio,odmap_gap,PAPER_1167
n_s_scalar_tilt,odmap_gap,PAPER_1736
n_s_scalar_tilt,odmap_gap,PAPER_1736
n_s_scalar_tilt,odmap_gap,PAPER_1736
n_s_scalar_tilt,odmap_gap,PAPER_1736
n_s_scalar_tilt,odmap_gap,PAPER_1736
n_s_scalar_tilt,odmap_gap,PAPER_1736
n_s_scalar_tilt,odmap_gap,PAPER_1736
n_s_scalar_tilt,odmap_gap,PAPER_1736
n_s_scalar_tilt,odmap_gap,PAPER_1736
omega_lambda_6_5_SSQ,odmap_gap,PAPER_1696
omega_lambda_6_5_SSQ,odmap_gap,PAPER_1696
omega_lambda_6_5_SSQ,odmap_gap,PAPER_1696
omega_lambda_6_5_SSQ,odmap_gap,PAPER_1696
omega_lambda_6_5_SSQ,odmap_gap,PAPER_1696
omega_lambda_6_5_SSQ,odmap_gap,PAPER_1696
omega_lambda_6_5_SSQ,odmap_gap,PAPER_1696
omega_lambda_6_5_SSQ,odmap_gap,PAPER_1696
omega_lambda_6_5_SSQ,odmap_gap,PAPER_1696
periodic_table_periods,odmap_gap,PAPER_1167
periodic_table_periods,odmap_gap,PAPER_1167
periodic_table_periods,odmap_gap,PAPER_1167
periodic_table_periods,odmap_gap,PAPER_1167
periodic_table_periods,odmap_gap,PAPER_1167
periodic_table_periods,odmap_gap,PAPER_1167
periodic_table_periods,odmap_gap,PAPER_1167
periodic_table_periods,odmap_gap,PAPER_1167
periodic_table_periods,odmap_gap,PAPER_1167
quantum_supremacy_qubits,odmap_gap,PAPER_1655
quantum_supremacy_qubits,odmap_gap,PAPER_1655
quantum_supremacy_qubits,odmap_gap,PAPER_1655
quantum_supremacy_qubits,odmap_gap,PAPER_1655
quantum_supremacy_qubits,odmap_gap,PAPER_1655
quantum_supremacy_qubits,odmap_gap,PAPER_1655
quantum_supremacy_qubits,odmap_gap,PAPER_1655
quantum_supremacy_qubits,odmap_gap,PAPER_1655
quantum_supremacy_qubits,odmap_gap,PAPER_1655
stefan_boltzmann_prefactor,odmap_gap,PAPER_1167
stefan_boltzmann_prefactor,odmap_gap,PAPER_1167
stefan_boltzmann_prefactor,odmap_gap,PAPER_1167
stefan_boltzmann_prefactor,odmap_gap,PAPER_1167
stefan_boltzmann_prefactor,odmap_gap,PAPER_1167
stefan_boltzmann_prefactor,odmap_gap,PAPER_1167
stefan_boltzmann_prefactor,odmap_gap,PAPER_1167
stefan_boltzmann_prefactor,odmap_gap,PAPER_1167
stefan_boltzmann_prefactor,odmap_gap,PAPER_1167
surface_code_threshold,odmap_gap,PAPER_1746
surface_code_threshold,odmap_gap,PAPER_1746
surface_code_threshold,odmap_gap,PAPER_1746
surface_code_threshold,odmap_gap,PAPER_1746
surface_code_threshold,odmap_gap,PAPER_1746
surface_code_threshold,odmap_gap,PAPER_1746
surface_code_threshold,odmap_gap,PAPER_1746
surface_code_threshold,odmap_gap,PAPER_1746
surface_code_threshold,odmap_gap,PAPER_1746
weinberg_sin2,odmap_gap,PAPER_1167
weinberg_sin2,odmap_gap,PAPER_1167
weinberg_sin2,odmap_gap,PAPER_1167
weinberg_sin2,odmap_gap,PAPER_1167
weinberg_sin2,odmap_gap,PAPER_1167
weinberg_sin2,odmap_gap,PAPER_1167
weinberg_sin2,odmap_gap,PAPER_1167
weinberg_sin2,odmap_gap,PAPER_1167
weinberg_sin2,odmap_gap,PAPER_1167
