paper,cited_by_files
PAPER_001,36
PAPER_0010,1
PAPER_0011,1
PAPER_002,3
PAPER_003,5
PAPER_004,2
PAPER_005,1
PAPER_006,4
PAPER_007,5
PAPER_008,4
PAPER_009,7
PAPER_010,3
PAPER_011,7
PAPER_012,2
PAPER_013,7
PAPER_014,4
PAPER_015,2
PAPER_016,2
PAPER_017,3
PAPER_018,3
PAPER_019,4
PAPER_0190,1
PAPER_020,3
PAPER_021,1
PAPER_022,2
PAPER_023,3
PAPER_0230,1
PAPER_024,2
PAPER_025,3
PAPER_026,5
PAPER_027,2
PAPER_028,2
PAPER_029,3
PAPER_030,3
PAPER_031,1
PAPER_032,2
PAPER_033,1
PAPER_034,2
PAPER_035,1
PAPER_036,4
PAPER_0360,1
PAPER_037,2
PAPER_038,10
PAPER_039,1
PAPER_040,4
PAPER_041,3
PAPER_042,2
PAPER_043,6
PAPER_0430,1
PAPER_044,5
PAPER_045,1
PAPER_046,3
PAPER_047,3
PAPER_048,2
PAPER_049,4
PAPER_050,5
PAPER_051,2
PAPER_0510,1
PAPER_052,1
PAPER_053,1
PAPER_054,1
PAPER_055,3
PAPER_056,1
PAPER_057,2
PAPER_058,2
PAPER_059,2
PAPER_060,3
PAPER_061,1
PAPER_062,41
PAPER_063,8
PAPER_064,6
PAPER_065,2
PAPER_066,8
PAPER_067,8
PAPER_068,1
PAPER_069,3
PAPER_070,5
PAPER_071,1
PAPER_072,2
PAPER_073,2
PAPER_074,1
PAPER_075,2
PAPER_076,2
PAPER_077,1
PAPER_078,1
PAPER_079,1
PAPER_080,1
PAPER_081,1
PAPER_0810,1
PAPER_082,1
PAPER_083,1
PAPER_084,1
PAPER_085,2
PAPER_086,5
PAPER_087,5
PAPER_088,4
PAPER_089,5
PAPER_090,9
PAPER_0900,1
PAPER_091,5
PAPER_092,3
PAPER_093,4
PAPER_094,5
PAPER_095,1
PAPER_096,3
PAPER_097,1
PAPER_098,2
PAPER_099,1
PAPER_100,3
PAPER_1000,1112
PAPER_1001,147
PAPER_1002,629
PAPER_1003,39
PAPER_1004,471
PAPER_1005,6
PAPER_1006,27
PAPER_1007,97
PAPER_1008,12
PAPER_1009,630
PAPER_101,2
PAPER_1010,478
PAPER_1011,263
PAPER_1012,180
PAPER_1013,17
PAPER_1014,151
PAPER_1015,104
PAPER_1016,2
PAPER_1017,5
PAPER_1018,16
PAPER_1019,100
PAPER_102,4
PAPER_1020,297
PAPER_1021,146
PAPER_1022,890
PAPER_1023,161
PAPER_1024,247
PAPER_1025,8
PAPER_1026,5
PAPER_1027,17
PAPER_1028,3
PAPER_1029,39
PAPER_103,1
PAPER_1030,28
PAPER_1031,6
PAPER_1032,3
PAPER_1033,376
PAPER_1034,4
PAPER_1035,103
PAPER_1036,36
PAPER_1037,746
PAPER_1038,18
PAPER_1039,208
PAPER_104,3
PAPER_1040,237
PAPER_1041,521
PAPER_1042,411
PAPER_1043,353
PAPER_1044,205
PAPER_1045,149
PAPER_1046,206
PAPER_1047,47
PAPER_1048,633
PAPER_1049,430
PAPER_105,1
PAPER_1050,188
PAPER_1051,570
PAPER_1052,30
PAPER_1053,4
PAPER_1054,3
PAPER_1055,6
PAPER_1056,6
PAPER_1057,2
PAPER_1058,10
PAPER_1059,90
PAPER_106,2
PAPER_1060,101
PAPER_1061,592
PAPER_1062,2
PAPER_1063,3
PAPER_1064,90
PAPER_1065,668
PAPER_1066,538
PAPER_1067,3
PAPER_1068,146
PAPER_1069,622
PAPER_107,5
PAPER_1070,94
PAPER_1071,26
PAPER_1072,799
PAPER_1073,535
PAPER_1074,181
PAPER_1075,167
PAPER_1076,64
PAPER_1077,3
PAPER_1078,470
PAPER_1079,669
PAPER_108,4
PAPER_1080,768
PAPER_1081,593
PAPER_1082,2
PAPER_1083,2
PAPER_1084,5
PAPER_1085,5
PAPER_1086,4
PAPER_1087,7
PAPER_1088,6
PAPER_1089,6
PAPER_109,4
PAPER_1090,6
PAPER_1091,2
PAPER_1092,4
PAPER_1093,4
PAPER_1094,8
PAPER_1095,6
PAPER_1096,3
PAPER_1097,2
PAPER_1098,5
PAPER_1099,2
PAPER_110,4
PAPER_1100,5
PAPER_1101,1
PAPER_1102,3
PAPER_1103,3
PAPER_1104,1
PAPER_1105,3
PAPER_1106,3
PAPER_1107,2
PAPER_1108,4
PAPER_1109,10
PAPER_111,5
PAPER_1110,2
PAPER_1111,1
PAPER_1112,1
PAPER_1113,11
PAPER_1114,6
PAPER_1115,3
PAPER_1116,3
PAPER_1117,3
PAPER_1118,1
PAPER_1119,4
PAPER_112,4
PAPER_1120,5
PAPER_1121,4
PAPER_1122,3
PAPER_1123,3
PAPER_1124,3
PAPER_1125,3
PAPER_1126,4
PAPER_1127,4
PAPER_1128,4
PAPER_1129,4
PAPER_113,5
PAPER_1130,2
PAPER_1131,1
PAPER_1132,3
PAPER_1133,5
PAPER_1134,2
PAPER_1135,1
PAPER_1136,3
PAPER_1137,3
PAPER_1138,2
PAPER_1139,3
PAPER_114,5
PAPER_1140,3
PAPER_1141,18
PAPER_1142,5
PAPER_1143,4
PAPER_1144,4
PAPER_1145,4
PAPER_1146,4
PAPER_1147,4
PAPER_1148,3
PAPER_1149,2
PAPER_115,14
PAPER_1150,1
PAPER_1151,2
PAPER_1152,1
PAPER_1153,1
PAPER_1154,27
PAPER_1155,4
PAPER_1156,179
PAPER_1157,5
PAPER_1158,3
PAPER_1159,29
PAPER_116,3
PAPER_1160,30
PAPER_1161,7
PAPER_1162,63
PAPER_1163,58
PAPER_1164,11
PAPER_1165,65
PAPER_1166,18
PAPER_1167,133
PAPER_1168,8
PAPER_1169,4
PAPER_117,6
PAPER_1170,129
PAPER_1171,60
PAPER_1172,5
PAPER_1173,8
PAPER_1174,20
PAPER_1175,34
PAPER_1176,15
PAPER_1177,2
PAPER_1178,8
PAPER_1179,6
PAPER_118,3
PAPER_1180,8
PAPER_1181,13
PAPER_1182,4
PAPER_1183,32
PAPER_1184,10
PAPER_1185,4
PAPER_1186,4
PAPER_1187,7
PAPER_1188,4
PAPER_1189,2
PAPER_119,3
PAPER_1190,3
PAPER_1191,2
PAPER_1192,2
PAPER_1193,2
PAPER_1194,2
PAPER_1195,1
PAPER_1196,10
PAPER_1197,2
PAPER_1198,3
PAPER_1199,11
PAPER_120,1
PAPER_1200,5
PAPER_1201,2
PAPER_1202,11
PAPER_1203,223
PAPER_1204,3
PAPER_1205,1
PAPER_1206,1
PAPER_1207,2
PAPER_1208,29
PAPER_1209,30
PAPER_1209AA,8
PAPER_1209BB,10
PAPER_1209CC,10
PAPER_1209DD,13
PAPER_1209EE,8
PAPER_1209FF,8
PAPER_1209GG,7
PAPER_1209HH,18
PAPER_1209II,10
PAPER_1209X,13
PAPER_1209Y,10
PAPER_1209Z,10
PAPER_121,10
PAPER_1210,2
PAPER_1211,1
PAPER_1215,3
PAPER_1216,74
PAPER_1217,3
PAPER_1218,2
PAPER_1219,3
PAPER_122,14
PAPER_1220,5
PAPER_1221,3
PAPER_1222,3
PAPER_1223,1
PAPER_1224,2
PAPER_1225,3
PAPER_1226,2
PAPER_1227,4
PAPER_1228,2
PAPER_1229,3
PAPER_123,4
PAPER_1230,2
PAPER_1231,3
PAPER_1232,4
PAPER_1233,1
PAPER_1234,2
PAPER_1235,2
PAPER_1236,5
PAPER_1237,5
PAPER_1238,3
PAPER_1239,1
PAPER_124,5
PAPER_1240,11
PAPER_1241,1
PAPER_1242,1
PAPER_1243,1
PAPER_1244,1
PAPER_1245,1
PAPER_1246,1
PAPER_1247,2
PAPER_1248,2
PAPER_1249,11
PAPER_125,3
PAPER_1250,1
PAPER_1251,8
PAPER_1252,1
PAPER_1253,25
PAPER_1254,13
PAPER_1255,12
PAPER_1256,1
PAPER_1257,1
PAPER_1258,2
PAPER_1259,5
PAPER_126,2
PAPER_1260,2
PAPER_1261,7
PAPER_1262,2
PAPER_1263,1
PAPER_1264,1
PAPER_1265,1
PAPER_1266,2
PAPER_1267,6
PAPER_1268,6
PAPER_1269,1
PAPER_127,12
PAPER_1270,22
PAPER_1271,11
PAPER_1272,2
PAPER_1273,2
PAPER_1274,2
PAPER_1275,2
PAPER_1276,1
PAPER_1277,2
PAPER_1278,1
PAPER_1279,1
PAPER_128,3
PAPER_1280,2
PAPER_1281,2
PAPER_1282,2
PAPER_1283,1
PAPER_1284,2
PAPER_1285,2
PAPER_1286,2
PAPER_1287,2
PAPER_1288,1
PAPER_1289,2
PAPER_129,6
PAPER_1290,1
PAPER_1291,1
PAPER_1292,2
PAPER_1293,1
PAPER_1294,2
PAPER_1295,2
PAPER_1296,2
PAPER_1297,2
PAPER_1298,4
PAPER_1299,2
PAPER_130,2
PAPER_1300,1
PAPER_1301,1
PAPER_1302,1
PAPER_1303,1
PAPER_1304,2
PAPER_1305,1
PAPER_1306,2
PAPER_1307,2
PAPER_1308,2
PAPER_1309,1
PAPER_131,3
PAPER_1310,2
PAPER_1311,5
PAPER_1312,2
PAPER_1313,2
PAPER_1314,2
PAPER_1315,1
PAPER_1316,2
PAPER_1317,1
PAPER_1318,587
PAPER_1319,2
PAPER_132,12
PAPER_1320,2
PAPER_1321,2
PAPER_1322,2
PAPER_1323,2
PAPER_1324,1
PAPER_1325,3
PAPER_1326,2
PAPER_1327,4
PAPER_1328,3
PAPER_1329,2
PAPER_133,12
PAPER_1330,3
PAPER_1331,7
PAPER_1332,2
PAPER_1333,2
PAPER_1334,2
PAPER_1335,1
PAPER_1336,4
PAPER_1337,1
PAPER_1338,1
PAPER_1339,2
PAPER_134,17
PAPER_1340,2
PAPER_1341,3
PAPER_1342,1
PAPER_1343,3
PAPER_1344,2
PAPER_1345,1
PAPER_1346,1
PAPER_1347,3
PAPER_1348,2
PAPER_1349,1
PAPER_135,5
PAPER_1350,3
PAPER_1351,2
PAPER_1352,2
PAPER_1353,1
PAPER_1354,3
PAPER_1355,4
PAPER_1356,2
PAPER_1357,1
PAPER_1358,4
PAPER_1359,3
PAPER_136,13
PAPER_1360,1
PAPER_1361,2
PAPER_1362,2
PAPER_1363,2
PAPER_1364,2
PAPER_1365,1
PAPER_1366,2
PAPER_1367,2
PAPER_1368,2
PAPER_1369,2
PAPER_137,5
PAPER_1370,1
PAPER_1371,1
PAPER_1372,2
PAPER_1373,29
PAPER_1374,2
PAPER_1375,2
PAPER_1376,11
PAPER_1377,1
PAPER_1378,1
PAPER_1379,1
PAPER_138,4
PAPER_1380,1
PAPER_1381,3
PAPER_1382,2
PAPER_1383,1
PAPER_1384,1
PAPER_1385,2
PAPER_1386,1
PAPER_1387,1
PAPER_1388,1
PAPER_1389,1
PAPER_139,9
PAPER_1390,1
PAPER_1391,1
PAPER_1392,1
PAPER_1393,1
PAPER_1394,1
PAPER_1395,1
PAPER_1396,1
PAPER_1397,1
PAPER_1398,1
PAPER_1399,3
PAPER_140,11
PAPER_1400,2
PAPER_1401,2
PAPER_1402,1
PAPER_1403,1
PAPER_1404,12
PAPER_1405,4
PAPER_1406,2
PAPER_1407,2
PAPER_1408,2
PAPER_1409,2
PAPER_141,2
PAPER_1410,1
PAPER_1411,2
PAPER_1412,2
PAPER_1413,2
PAPER_1414,1
PAPER_1415,1
PAPER_1416,2
PAPER_1417,1
PAPER_1418,2
PAPER_1419,1
PAPER_142,12
PAPER_1420,1
PAPER_1421,2
PAPER_1422,1
PAPER_1423,2
PAPER_1424,1
PAPER_1425,1
PAPER_1426,1
PAPER_1427,1
PAPER_1428,1
PAPER_1429,2
PAPER_143,5
PAPER_1430,2
PAPER_1431,1
PAPER_1432,1
PAPER_1433,1
PAPER_1434,1
PAPER_1435,2
PAPER_1436,3
PAPER_1437,2
PAPER_1438,2
PAPER_1439,3
PAPER_144,9
PAPER_1440,1
PAPER_1441,4
PAPER_1442,2
PAPER_1443,2
PAPER_1444,1
PAPER_1445,1
PAPER_1446,1
PAPER_1447,1
PAPER_1448,1
PAPER_1449,1
PAPER_145,19
PAPER_1450,2
PAPER_1451,2
PAPER_1452,1
PAPER_1453,1
PAPER_1454,3
PAPER_1455,1
PAPER_1456,2
PAPER_1457,2
PAPER_1458,1
PAPER_1459,1
PAPER_146,11
PAPER_1460,2
PAPER_1461,2
PAPER_1462,2
PAPER_1463,2
PAPER_1464,1
PAPER_1465,1
PAPER_1466,3
PAPER_1467,2
PAPER_1468,1
PAPER_1469,2
PAPER_147,8
PAPER_1470,1
PAPER_1471,1
PAPER_1472,3
PAPER_1473,2
PAPER_1474,1
PAPER_1475,1
PAPER_1476,1
PAPER_1477,1
PAPER_1478,3
PAPER_1479,3
PAPER_148,5
PAPER_1480,5
PAPER_1481,2
PAPER_1482,1
PAPER_1483,15
PAPER_1484,3
PAPER_1485,1
PAPER_1486,7
PAPER_1487,1
PAPER_1488,3
PAPER_1489,1
PAPER_149,5
PAPER_1490,2
PAPER_1491,1
PAPER_1492,1
PAPER_1493,1
PAPER_1494,89
PAPER_1495,1
PAPER_1496,1
PAPER_1497,8
PAPER_1498,3
PAPER_1499,1
PAPER_150,5
PAPER_1500,6
PAPER_1501,2
PAPER_1502,1
PAPER_1503,6
PAPER_1504,4
PAPER_1505,3
PAPER_1506,14
PAPER_1507,6
PAPER_1508,1
PAPER_1509,2
PAPER_151,4
PAPER_1510,2
PAPER_1511,3
PAPER_1512,7
PAPER_1513,5
PAPER_1514,2
PAPER_1515,10
PAPER_1516,10
PAPER_1517,10
PAPER_1518,17
PAPER_1519,1
PAPER_152,7
PAPER_1520,3
PAPER_1521,82
PAPER_1522,66
PAPER_1523,1
PAPER_1524,2
PAPER_1525,1
PAPER_1526,1
PAPER_1527,1
PAPER_1528,1
PAPER_1529,1
PAPER_153,7
PAPER_1530,1
PAPER_1531,1
PAPER_1532,2
PAPER_1533,2
PAPER_1534,1
PAPER_1535,1
PAPER_1536,5
PAPER_1537,9
PAPER_1538,1
PAPER_1539,2
PAPER_154,7
PAPER_1540,1
PAPER_1541,1
PAPER_1542,2
PAPER_1543,1
PAPER_1544,5
PAPER_1545,1
PAPER_1546,1
PAPER_1547,1
PAPER_1548,1
PAPER_1549,3
PAPER_155,9
PAPER_1550,1
PAPER_1551,1
PAPER_1552,9
PAPER_1553,7
PAPER_1554,1
PAPER_1555,1
PAPER_1556,2
PAPER_1557,1
PAPER_1558,2
PAPER_1559,2
PAPER_156,6
PAPER_1560,1
PAPER_1561,1
PAPER_1562,1
PAPER_1563,1
PAPER_1564,1
PAPER_1565,1
PAPER_1566,1
PAPER_1567,1
PAPER_1568,1
PAPER_1569,1
PAPER_157,7
PAPER_1570,1
PAPER_1571,1
PAPER_1572,2
PAPER_1573,12
PAPER_1574,1
PAPER_1575,1
PAPER_1576,1
PAPER_1577,1
PAPER_1578,1
PAPER_1579,1
PAPER_158,2
PAPER_1580,1
PAPER_1581,2
PAPER_1582,1
PAPER_1583,1
PAPER_1584,1
PAPER_1585,1
PAPER_1586,1
PAPER_1587,1
PAPER_1588,1
PAPER_1589,1
PAPER_159,2
PAPER_1590,1
PAPER_1591,1
PAPER_1592,2
PAPER_1593,1
PAPER_1594,1
PAPER_1595,1
PAPER_1596,1
PAPER_1597,1
PAPER_1598,1
PAPER_1599,1
PAPER_160,2
PAPER_1600,1
PAPER_1601,2
PAPER_1602,1
PAPER_1603,1
PAPER_1604,1
PAPER_1605,1
PAPER_1606,1
PAPER_1607,1
PAPER_1608,1
PAPER_1609,1
PAPER_161,5
PAPER_1610,1
PAPER_1611,1
PAPER_1612,1
PAPER_1613,1
PAPER_1614,1
PAPER_1615,1
PAPER_1616,5
PAPER_1617,6
PAPER_1618,7
PAPER_1619,6
PAPER_162,1
PAPER_1620,5
PAPER_1621,1
PAPER_1622,1
PAPER_1623,1
PAPER_1624,1
PAPER_1625,1
PAPER_1626,1
PAPER_1627,1
PAPER_1628,1
PAPER_1629,1
PAPER_163,4
PAPER_1630,1
PAPER_1631,1
PAPER_1632,1
PAPER_1633,1
PAPER_1634,1
PAPER_1635,1
PAPER_1636,31
PAPER_1637,2
PAPER_1638,1
PAPER_1639,1
PAPER_164,3
PAPER_1640,1
PAPER_1641,1
PAPER_1642,1
PAPER_1643,1
PAPER_1644,1
PAPER_1645,1
PAPER_1646,21
PAPER_1647,1
PAPER_1648,2
PAPER_1649,1
PAPER_165,2
PAPER_1650,3
PAPER_1651,2
PAPER_1652,5
PAPER_1653,3
PAPER_1654,1
PAPER_1655,3
PAPER_1656,21
PAPER_1657,3
PAPER_1658,1
PAPER_1659,3
PAPER_166,1
PAPER_1660,1
PAPER_1661,1
PAPER_1662,1
PAPER_1663,2
PAPER_1664,1
PAPER_1665,2
PAPER_1666,21
PAPER_1667,1
PAPER_1668,1
PAPER_1669,1
PAPER_167,2
PAPER_1670,1
PAPER_1671,1
PAPER_1672,1
PAPER_1673,1
PAPER_1674,1
PAPER_1675,3
PAPER_1676,25
PAPER_1677,15
PAPER_1678,1
PAPER_1679,3
PAPER_168,1
PAPER_1680,1
PAPER_1681,1
PAPER_1682,1
PAPER_1683,1
PAPER_1684,1
PAPER_1685,1
PAPER_1686,21
PAPER_1687,1
PAPER_1688,1
PAPER_1689,1
PAPER_169,2
PAPER_1690,1
PAPER_1691,1
PAPER_1692,1
PAPER_1693,1
PAPER_1694,1
PAPER_1695,1
PAPER_1696,21
PAPER_1697,3
PAPER_1698,1
PAPER_1699,1
PAPER_170,5
PAPER_1700,1
PAPER_1701,5
PAPER_1702,1
PAPER_1703,1
PAPER_1704,1
PAPER_1705,1
PAPER_1706,21
PAPER_1707,1
PAPER_1708,1
PAPER_1709,1
PAPER_171,8
PAPER_1710,1
PAPER_1711,1
PAPER_1712,1
PAPER_1713,1
PAPER_1714,1
PAPER_1715,1
PAPER_1716,21
PAPER_1717,1
PAPER_1718,1
PAPER_1719,3
PAPER_172,8
PAPER_1720,2
PAPER_1721,1
PAPER_1722,1
PAPER_1723,1
PAPER_1724,1
PAPER_1725,1
PAPER_1726,22
PAPER_1727,1
PAPER_1728,1
PAPER_1729,1
PAPER_173,9
PAPER_1730,1
PAPER_1731,2
PAPER_1732,1
PAPER_1733,1
PAPER_1734,1
PAPER_1735,1
PAPER_1736,11
PAPER_1737,1
PAPER_1738,3
PAPER_1739,2
PAPER_174,11
PAPER_1740,3
PAPER_1741,1
PAPER_1742,1
PAPER_1743,1
PAPER_1744,1
PAPER_1745,2
PAPER_1746,22
PAPER_1747,1
PAPER_1748,1
PAPER_1749,1
PAPER_175,3
PAPER_1750,1
PAPER_1751,1
PAPER_1752,1
PAPER_1753,1
PAPER_1754,2
PAPER_1755,1
PAPER_1756,11
PAPER_1757,1
PAPER_1758,1
PAPER_1759,1
PAPER_176,7
PAPER_1760,1
PAPER_1761,3
PAPER_1762,2
PAPER_1763,1
PAPER_1764,1
PAPER_1765,1
PAPER_1766,11
PAPER_1767,1
PAPER_1768,1
PAPER_1769,1
PAPER_177,7
PAPER_1770,1
PAPER_1771,1
PAPER_1772,1
PAPER_1773,1
PAPER_1774,1
PAPER_1775,2
PAPER_1776,11
PAPER_1777,1
PAPER_1778,1
PAPER_1779,1
PAPER_178,2
PAPER_1780,1
PAPER_1781,1
PAPER_1782,1
PAPER_1783,2
PAPER_1784,1
PAPER_1785,1
PAPER_1786,1
PAPER_1787,1
PAPER_1788,1
PAPER_1789,1
PAPER_179,2
PAPER_1790,1
PAPER_1791,1
PAPER_1792,1
PAPER_1793,1
PAPER_1794,1
PAPER_1795,3
PAPER_1796,4
PAPER_1797,2
PAPER_1798,2
PAPER_1799,2
PAPER_180,2
PAPER_1800,4
PAPER_1801,6
PAPER_1802,65
PAPER_1803,12
PAPER_1804,7
PAPER_1805,4
PAPER_1806,3
PAPER_1807,3
PAPER_1808,4
PAPER_1809,4
PAPER_181,1
PAPER_1810,64
PAPER_1811,5
PAPER_1812,4
PAPER_1813,2
PAPER_1814,11
PAPER_1815,32
PAPER_1816,13
PAPER_1817,22
PAPER_1818,12
PAPER_1819,10
PAPER_182,5
PAPER_1820,22
PAPER_1821,21
PAPER_1822,8
PAPER_1823,26
PAPER_1824,28
PAPER_1825,16
PAPER_1826,20
PAPER_1827,11
PAPER_1828,9
PAPER_1829,10
PAPER_183,6
PAPER_1830,15
PAPER_1831,9
PAPER_1832,12
PAPER_1833,9
PAPER_1834,17
PAPER_1835,19
PAPER_1836,11
PAPER_1837,8
PAPER_1838,6
PAPER_1839,10
PAPER_184,1
PAPER_1840,6
PAPER_1841,19
PAPER_1842,7
PAPER_1843,6
PAPER_1844,5
PAPER_1845,14
PAPER_1846,7
PAPER_1847,9
PAPER_1848,7
PAPER_1849,13
PAPER_185,1
PAPER_1850,9
PAPER_1851,4
PAPER_1852,11
PAPER_1853,8
PAPER_1854,17
PAPER_1855,20
PAPER_1856,15
PAPER_1857,15
PAPER_1858,9
PAPER_1859,15
PAPER_186,4
PAPER_1860,9
PAPER_1861,9
PAPER_1862,13
PAPER_1863,9
PAPER_1864,3
PAPER_1865,8
PAPER_1866,6
PAPER_1867,10
PAPER_1868,11
PAPER_1869,28
PAPER_187,3
PAPER_1870,2
PAPER_1871,3
PAPER_1872,1
PAPER_1873,12
PAPER_1874,14
PAPER_1875,4
PAPER_1876,7
PAPER_1877,5
PAPER_1878,2
PAPER_1879,7
PAPER_188,1
PAPER_1880,9
PAPER_1881,2
PAPER_1882,2
PAPER_1883,9
PAPER_1884,12
PAPER_1885,13
PAPER_1886,9
PAPER_1887,6
PAPER_1888,1
PAPER_1889,2
PAPER_189,6
PAPER_1890,4
PAPER_1891,3
PAPER_1892,2
PAPER_1893,2
PAPER_1894,4
PAPER_1895,1
PAPER_1896,1
PAPER_1897,1
PAPER_1898,7
PAPER_1899,1
PAPER_190,4
PAPER_1900,2
PAPER_1901,2
PAPER_1902,2
PAPER_1903,2
PAPER_1904,9
PAPER_1905,5
PAPER_1906,9
PAPER_1907,8
PAPER_1908,11
PAPER_1909,6
PAPER_191,5
PAPER_1910,2
PAPER_1911,13
PAPER_1912,21
PAPER_1913,10
PAPER_1914,12
PAPER_1915,9
PAPER_1916,22
PAPER_1917,23
PAPER_1918,23
PAPER_1919,64
PAPER_192,4
PAPER_1920,22
PAPER_1921,6
PAPER_1922,29
PAPER_1923,5
PAPER_1924,5
PAPER_1925,6
PAPER_1926,3
PAPER_1927,30
PAPER_1928,14
PAPER_1929,22
PAPER_193,4
PAPER_1930,11
PAPER_1931,18
PAPER_1932,13
PAPER_1933,4
PAPER_1934,5
PAPER_1935,4
PAPER_1936,9
PAPER_1937,7
PAPER_1938,14
PAPER_1939,4
PAPER_194,2
PAPER_1940,10
PAPER_1941,15
PAPER_1942,21
PAPER_1943,4
PAPER_1944,16
PAPER_1945,13
PAPER_1946,19
PAPER_1947,16
PAPER_1948,27
PAPER_1949,18
PAPER_195,3
PAPER_1950,4
PAPER_1951,6
PAPER_1952,16
PAPER_1953,18
PAPER_1954,13
PAPER_1955,53
PAPER_1956,11
PAPER_1957,8
PAPER_1958,19
PAPER_1959,10
PAPER_196,15
PAPER_1960,37
PAPER_1961,6
PAPER_1962,16
PAPER_1963,5
PAPER_1964,11
PAPER_1965,10
PAPER_1966,12
PAPER_1967,3
PAPER_1968,22
PAPER_1969,6
PAPER_197,3
PAPER_1970,13
PAPER_1971,15
PAPER_1972,34
PAPER_1973,2
PAPER_1974,7
PAPER_1975,8
PAPER_1976,13
PAPER_1977,6
PAPER_1978,27
PAPER_1979,16
PAPER_198,16
PAPER_1980,7
PAPER_1981,14
PAPER_1982,10
PAPER_1983,10
PAPER_1984,9
PAPER_1985,19
PAPER_1986,8
PAPER_1987,4
PAPER_1988,5
PAPER_1989,21
PAPER_199,10
PAPER_1990,17
PAPER_1991,19
PAPER_1992,5
PAPER_1993,9
PAPER_1994,8
PAPER_1995,6
PAPER_1996,2
PAPER_1997,7
PAPER_1998,4
PAPER_1999,2
PAPER_200,4
PAPER_2000,4
PAPER_2001,6
PAPER_2002,13
PAPER_2003,9
PAPER_2004,44
PAPER_2005,15
PAPER_2006,6
PAPER_2007,6
PAPER_2008,4
PAPER_2009,9
PAPER_201,1
PAPER_2010,6
PAPER_2011,10
PAPER_2012,8
PAPER_2013,24
PAPER_2014,13
PAPER_2015,8
PAPER_2016,6
PAPER_2017,12
PAPER_2018,4
PAPER_2019,15
PAPER_202,6
PAPER_2020,3
PAPER_2021,10
PAPER_2022,26
PAPER_2023,13
PAPER_2024,12
PAPER_2025,21
PAPER_2026,8
PAPER_2027,9
PAPER_2028,2
PAPER_2029,9
PAPER_203,3
PAPER_2030,4
PAPER_2031,6
PAPER_2032,6
PAPER_2033,18
PAPER_2034,6
PAPER_2035,12
PAPER_2036,2
PAPER_2037,12
PAPER_2038,4
PAPER_2039,8
PAPER_204,2
PAPER_2040,8
PAPER_2041,4
PAPER_2042,5
PAPER_2043,30
PAPER_2044,4
PAPER_2045,11
PAPER_2046,14
PAPER_2047,12
PAPER_2048,6
PAPER_2049,8
PAPER_205,2
PAPER_2050,9
PAPER_2051,2
PAPER_2052,9
PAPER_2053,8
PAPER_2054,14
PAPER_2055,6
PAPER_2056,7
PAPER_2057,8
PAPER_2058,9
PAPER_2059,6
PAPER_206,3
PAPER_2060,10
PAPER_2061,14
PAPER_2062,17
PAPER_2063,9
PAPER_2064,10
PAPER_2065,10
PAPER_2066,3
PAPER_2067,6
PAPER_2068,8
PAPER_2069,7
PAPER_207,2
PAPER_2070,7
PAPER_2071,3
PAPER_2072,5
PAPER_2073,6
PAPER_2074,1
PAPER_2075,4
PAPER_2076,3
PAPER_2077,4
PAPER_2078,3
PAPER_2079,8
PAPER_208,5
PAPER_2080,2
PAPER_2081,6
PAPER_2082,5
PAPER_2083,4
PAPER_2084,6
PAPER_2085,4
PAPER_2086,1
PAPER_2087,2
PAPER_2088,2
PAPER_2089,2
PAPER_209,2
PAPER_2090,5
PAPER_2091,4
PAPER_2092,1
PAPER_2093,19
PAPER_2094,14
PAPER_2095,11
PAPER_2096,8
PAPER_2097,9
PAPER_2098,10
PAPER_2099,9
PAPER_210,2
PAPER_2100,16
PAPER_2101,7
PAPER_2102,6
PAPER_2103,7
PAPER_2104,4
PAPER_2105,9
PAPER_2106,4
PAPER_2107,6
PAPER_2108,5
PAPER_2109,7
PAPER_211,3
PAPER_2110,2
PAPER_2111,1
PAPER_2112,5
PAPER_2113,3
PAPER_2114,6
PAPER_2115,6
PAPER_2116,4
PAPER_2117,5
PAPER_2118,1
PAPER_2119,5
PAPER_212,1
PAPER_2120,3
PAPER_2121,6
PAPER_2122,4
PAPER_2123,2
PAPER_2124,1
PAPER_2125,5
PAPER_2126,4
PAPER_2127,2
PAPER_2128,2
PAPER_2129,1
PAPER_213,2
PAPER_214,2
PAPER_215,1
PAPER_216,2
PAPER_217,1
PAPER_218,4
PAPER_219,4
PAPER_220,2
PAPER_221,5
PAPER_222,3
PAPER_223,3
PAPER_224,2
PAPER_225,2
PAPER_226,3
PAPER_227,2
PAPER_228,9
PAPER_229,4
PAPER_230,2
PAPER_231,4
PAPER_232,1
PAPER_233,1
PAPER_234,5
PAPER_235,7
PAPER_236,1
PAPER_237,5
PAPER_238,1
PAPER_239,1
PAPER_240,3
PAPER_241,1
PAPER_242,4
PAPER_243,5
PAPER_244,2
PAPER_245,1
PAPER_246,1
PAPER_247,2
PAPER_248,2
PAPER_249,2
PAPER_250,8
PAPER_251,10
PAPER_252,5
PAPER_253,8
PAPER_254,2
PAPER_255,3
PAPER_256,4
PAPER_257,2
PAPER_258,3
PAPER_259,5
PAPER_260,5
PAPER_261,2
PAPER_262,4
PAPER_263,2
PAPER_264,5
PAPER_265,3
PAPER_266,18
PAPER_267,3
PAPER_268,3
PAPER_269,1
PAPER_270,2
PAPER_271,1
PAPER_272,1
PAPER_273,5
PAPER_2732,1
PAPER_274,5
PAPER_275,5
PAPER_276,3
PAPER_277,4
PAPER_278,4
PAPER_279,5
PAPER_280,5
PAPER_281,4
PAPER_282,4
PAPER_283,1
PAPER_284,7
PAPER_285,5
PAPER_286,4
PAPER_287,5
PAPER_288,6
PAPER_289,6
PAPER_290,2
PAPER_291,3
PAPER_292,4
PAPER_293,6
PAPER_294,4
PAPER_295,6
PAPER_296,6
PAPER_297,3
PAPER_298,4
PAPER_299,7
PAPER_300,6
PAPER_3000,1
PAPER_301,4
PAPER_302,6
PAPER_303,4
PAPER_304,3
PAPER_305,5
PAPER_306,4
PAPER_307,3
PAPER_308,3
PAPER_309,3
PAPER_310,2
PAPER_311,5
PAPER_312,5
PAPER_313,6
PAPER_314,2
PAPER_315,2
PAPER_316,2
PAPER_317,2
PAPER_318,1
PAPER_319,1
PAPER_320,4
PAPER_321,4
PAPER_322,7
PAPER_323,2
PAPER_324,1
PAPER_325,1
PAPER_326,9
PAPER_327,3
PAPER_328,7
PAPER_329,3
PAPER_330,2
PAPER_331,2
PAPER_332,3
PAPER_333,3
PAPER_334,4
PAPER_335,5
PAPER_336,3
PAPER_337,4
PAPER_338,4
PAPER_339,5
PAPER_340,3
PAPER_341,5
PAPER_342,10
PAPER_343,4
PAPER_344,6
PAPER_345,3
PAPER_346,13
PAPER_347,11
PAPER_348,3
PAPER_349,5
PAPER_350,6
PAPER_351,10
PAPER_352,3
PAPER_353,2
PAPER_354,1
PAPER_355,3
PAPER_356,2
PAPER_357,3
PAPER_358,1
PAPER_359,4
PAPER_360,5
PAPER_361,8
PAPER_362,2
PAPER_363,1
PAPER_364,3
PAPER_365,2
PAPER_366,6
PAPER_367,4
PAPER_368,4
PAPER_369,6
PAPER_370,2
PAPER_371,17
PAPER_372,17
PAPER_373,7
PAPER_374,6
PAPER_375,12
PAPER_376,7
PAPER_377,4
PAPER_378,4
PAPER_379,5
PAPER_380,3
PAPER_381,5
PAPER_382,6
PAPER_383,10
PAPER_384,6
PAPER_385,6
PAPER_386,1
PAPER_387,4
PAPER_388,3
PAPER_389,2
PAPER_390,3
PAPER_391,1
PAPER_392,8
PAPER_393,5
PAPER_394,7
PAPER_395,6
PAPER_396,3
PAPER_397,1
PAPER_398,2
PAPER_399,3
PAPER_400,4
PAPER_401,6
PAPER_402,4
PAPER_403,4
PAPER_404,3
PAPER_405,2
PAPER_406,3
PAPER_407,2
PAPER_408,3
PAPER_409,4
PAPER_410,1
PAPER_411,3
PAPER_412,3
PAPER_413,5
PAPER_414,2
PAPER_415,1
PAPER_416,4
PAPER_417,3
PAPER_418,4
PAPER_419,1
PAPER_420,113
PAPER_421,117
PAPER_422,7
PAPER_423,1
PAPER_424,5
PAPER_425,4
PAPER_426,5
PAPER_427,7
PAPER_428,2
PAPER_429,28
PAPER_430,4
PAPER_431,8
PAPER_432,5
PAPER_433,3
PAPER_434,6
PAPER_435,12
PAPER_436,7
PAPER_437,1
PAPER_438,4
PAPER_439,2
PAPER_440,9
PAPER_441,5
PAPER_442,6
PAPER_443,6
PAPER_444,3
PAPER_445,2
PAPER_446,1
PAPER_447,3
PAPER_448,2
PAPER_449,3
PAPER_450,3
PAPER_451,1
PAPER_452,4
PAPER_453,1
PAPER_454,5
PAPER_455,1
PAPER_456,4
PAPER_457,1
PAPER_458,1
PAPER_459,1
PAPER_460,1
PAPER_461,3
PAPER_462,3
PAPER_463,7
PAPER_464,5
PAPER_465,1
PAPER_466,2
PAPER_467,1
PAPER_468,2
PAPER_469,1
PAPER_470,1
PAPER_471,2
PAPER_472,2
PAPER_473,2
PAPER_474,2
PAPER_475,1
PAPER_476,3
PAPER_477,1
PAPER_478,1
PAPER_479,4
PAPER_480,2
PAPER_481,3
PAPER_482,1
PAPER_483,1
PAPER_484,6
PAPER_485,2
PAPER_486,4
PAPER_487,5
PAPER_488,2
PAPER_489,5
PAPER_490,2
PAPER_491,3
PAPER_492,1
PAPER_493,1
PAPER_494,1
PAPER_495,2
PAPER_496,7
PAPER_497,7
PAPER_498,4
PAPER_499,4
PAPER_500,7
PAPER_501,4
PAPER_502,1
PAPER_503,2
PAPER_504,1
PAPER_505,1
PAPER_506,3
PAPER_507,4
PAPER_508,5
PAPER_509,6
PAPER_510,1
PAPER_511,1
PAPER_512,2
PAPER_513,1
PAPER_514,1
PAPER_515,1
PAPER_516,9
PAPER_517,5
PAPER_518,6
PAPER_519,7
PAPER_520,5
PAPER_521,8
PAPER_522,5
PAPER_523,5
PAPER_524,5
PAPER_525,1
PAPER_526,4
PAPER_527,3
PAPER_528,6
PAPER_529,8
PAPER_530,6
PAPER_531,2
PAPER_532,3
PAPER_533,5
PAPER_534,3
PAPER_535,13
PAPER_536,10
PAPER_537,2
PAPER_538,1
PAPER_539,1
PAPER_540,6
PAPER_541,5
PAPER_542,4
PAPER_543,11
PAPER_544,10
PAPER_545,1
PAPER_546,2
PAPER_547,4
PAPER_548,7
PAPER_549,2
PAPER_550,9
PAPER_551,6
PAPER_552,7
PAPER_553,5
PAPER_554,12
PAPER_555,7
PAPER_556,7
PAPER_557,3
PAPER_558,4
PAPER_559,1
PAPER_560,2
PAPER_561,1
PAPER_562,1
PAPER_563,7
PAPER_564,8
PAPER_565,7
PAPER_566,8
PAPER_567,4
PAPER_568,4
PAPER_569,3
PAPER_570,4
PAPER_571,4
PAPER_572,3
PAPER_573,5
PAPER_574,3
PAPER_575,3
PAPER_576,2
PAPER_577,4
PAPER_578,6
PAPER_579,7
PAPER_580,4
PAPER_581,4
PAPER_582,3
PAPER_583,14
PAPER_584,2
PAPER_585,4
PAPER_586,4
PAPER_587,8
PAPER_588,3
PAPER_589,6
PAPER_590,10
PAPER_591,5
PAPER_592,18
PAPER_593,32
PAPER_594,9
PAPER_595,3
PAPER_596,6
PAPER_597,43
PAPER_598,12
PAPER_599,2
PAPER_600,1
PAPER_601,2
PAPER_602,2
PAPER_603,2
PAPER_604,4
PAPER_605,1
PAPER_606,1
PAPER_607,2
PAPER_608,2
PAPER_609,2
PAPER_610,3
PAPER_611,2
PAPER_612,1
PAPER_613,1
PAPER_614,1
PAPER_615,1
PAPER_616,1
PAPER_617,1
PAPER_618,1
PAPER_619,1
PAPER_620,1
PAPER_621,2
PAPER_622,7
PAPER_623,3
PAPER_624,5
PAPER_625,1
PAPER_626,2
PAPER_627,5
PAPER_628,1
PAPER_629,1
PAPER_630,2
PAPER_631,2
PAPER_632,1
PAPER_633,3
PAPER_634,4
PAPER_635,2
PAPER_636,3
PAPER_637,2
PAPER_638,2
PAPER_639,4
PAPER_640,4
PAPER_641,5
PAPER_642,1069
PAPER_643,6
PAPER_644,1
PAPER_645,2
PAPER_646,295
PAPER_647,11
PAPER_648,10
PAPER_649,8
PAPER_650,7
PAPER_651,4
PAPER_652,3
PAPER_653,1
PAPER_654,1
PAPER_655,2
PAPER_656,5
PAPER_657,14
PAPER_658,5
PAPER_659,2
PAPER_660,2
PAPER_661,1
PAPER_662,1
PAPER_663,1
PAPER_664,1
PAPER_665,1
PAPER_666,1
PAPER_667,1
PAPER_668,1
PAPER_669,1
PAPER_670,1
PAPER_671,1
PAPER_672,1
PAPER_673,1
PAPER_674,1
PAPER_675,1
PAPER_676,1
PAPER_677,1
PAPER_678,1
PAPER_679,1
PAPER_680,1
PAPER_681,1
PAPER_682,1
PAPER_683,1
PAPER_684,1
PAPER_685,1
PAPER_686,1
PAPER_687,1
PAPER_688,1
PAPER_689,1
PAPER_690,1
PAPER_691,1
PAPER_692,3
PAPER_693,2
PAPER_694,1
PAPER_695,2
PAPER_696,2
PAPER_697,1
PAPER_698,1
PAPER_699,1
PAPER_700,2
PAPER_701,2
PAPER_702,2
PAPER_703,4
PAPER_704,3
PAPER_705,2
PAPER_706,2
PAPER_707,1
PAPER_708,2
PAPER_709,1
PAPER_710,2
PAPER_711,2
PAPER_712,1
PAPER_713,1
PAPER_714,1
PAPER_715,1
PAPER_716,1
PAPER_717,1
PAPER_718,2
PAPER_719,1
PAPER_720,1
PAPER_721,1
PAPER_722,1
PAPER_723,1
PAPER_724,1
PAPER_725,1
PAPER_726,1
PAPER_727,1
PAPER_728,1
PAPER_729,1
PAPER_730,1
PAPER_731,1
PAPER_732,4
PAPER_733,2
PAPER_734,7
PAPER_735,5
PAPER_736,4
PAPER_737,2
PAPER_738,2
PAPER_739,2
PAPER_740,3
PAPER_741,3
PAPER_742,2
PAPER_743,1
PAPER_744,3
PAPER_745,1
PAPER_746,1
PAPER_747,2
PAPER_748,1
PAPER_749,1
PAPER_750,2
PAPER_751,1
PAPER_752,2
PAPER_753,1
PAPER_754,2
PAPER_755,1
PAPER_756,5
PAPER_757,3
PAPER_758,1
PAPER_759,3
PAPER_760,1
PAPER_761,3
PAPER_762,1
PAPER_763,11
PAPER_764,1
PAPER_765,1
PAPER_766,1
PAPER_767,1
PAPER_768,1
PAPER_769,1
PAPER_770,1
PAPER_771,2
PAPER_772,1
PAPER_773,1
PAPER_774,8
PAPER_775,2
PAPER_776,2
PAPER_777,2
PAPER_778,3
PAPER_779,5
PAPER_780,2
PAPER_781,1
PAPER_782,2
PAPER_783,4
PAPER_784,9
PAPER_785,3
PAPER_786,2
PAPER_787,2
PAPER_788,3
PAPER_789,2
PAPER_790,1
PAPER_791,2
PAPER_792,1
PAPER_793,2
PAPER_794,1
PAPER_795,2
PAPER_796,1
PAPER_797,2
PAPER_798,2
PAPER_799,1
PAPER_800,7
PAPER_801,3
PAPER_802,2
PAPER_803,2
PAPER_804,2
PAPER_805,2
PAPER_806,3
PAPER_807,3
PAPER_808,1
PAPER_809,1
PAPER_810,1
PAPER_811,3
PAPER_812,2
PAPER_813,1
PAPER_814,1
PAPER_815,2
PAPER_816,1
PAPER_817,3
PAPER_818,1
PAPER_819,4
PAPER_820,1
PAPER_821,1
PAPER_822,1
PAPER_823,6
PAPER_824,3
PAPER_825,2
PAPER_826,3
PAPER_827,1
PAPER_828,4
PAPER_829,4
PAPER_830,3
PAPER_831,4
PAPER_832,2
PAPER_833,1
PAPER_834,1
PAPER_835,1
PAPER_836,2
PAPER_837,1
PAPER_838,2
PAPER_839,1
PAPER_840,913
PAPER_841,2
PAPER_842,2
PAPER_843,1
PAPER_844,1
PAPER_845,1
PAPER_846,1
PAPER_847,1
PAPER_848,1
PAPER_849,1
PAPER_850,1
PAPER_851,2
PAPER_852,1
PAPER_853,1
PAPER_854,2
PAPER_855,5
PAPER_856,3
PAPER_857,2
PAPER_858,1
PAPER_859,1
PAPER_860,1
PAPER_861,1
PAPER_862,2
PAPER_863,1
PAPER_864,1
PAPER_865,1
PAPER_866,1
PAPER_867,1
PAPER_868,2
PAPER_869,1
PAPER_870,4
PAPER_871,3
PAPER_872,19
PAPER_873,1
PAPER_874,2
PAPER_875,1
PAPER_876,2
PAPER_877,1100
PAPER_878,10
PAPER_879,5
PAPER_880,17
PAPER_881,6
PAPER_882,8
PAPER_883,17
PAPER_884,14
PAPER_885,6
PAPER_886,9
PAPER_887,6
PAPER_888,13
PAPER_889,11
PAPER_890,11
PAPER_891,5
PAPER_892,11
PAPER_893,6
PAPER_894,4
PAPER_895,7
PAPER_896,9
PAPER_897,6
PAPER_898,4
PAPER_899,3
PAPER_900,6
PAPER_901,9
PAPER_902,9
PAPER_903,2
PAPER_904,1
PAPER_905,16
PAPER_906,2
PAPER_907,1
PAPER_908,16
PAPER_909,1
PAPER_910,17
PAPER_911,9
PAPER_912,9
PAPER_913,8
PAPER_914,16
PAPER_915,22
PAPER_916,10
PAPER_917,8
PAPER_918,6
PAPER_919,7
PAPER_920,7
PAPER_921,6
PAPER_922,10
PAPER_923,2
PAPER_924,1
PAPER_925,2
PAPER_926,1
PAPER_927,3
PAPER_928,1
PAPER_929,1
PAPER_930,2
PAPER_931,1
PAPER_932,1
PAPER_933,1
PAPER_934,1
PAPER_935,2
PAPER_936,1
PAPER_937,1
PAPER_938,1
PAPER_939,3
PAPER_940,3
PAPER_941,1
PAPER_942,1
PAPER_943,1
PAPER_944,1
PAPER_945,1
PAPER_946,1
PAPER_947,1
PAPER_948,2
PAPER_949,18
PAPER_950,5
PAPER_951,5
PAPER_952,11
PAPER_953,5
PAPER_954,2
PAPER_955,10
PAPER_956,4
PAPER_957,4
PAPER_958,4
PAPER_959,9
PAPER_960,4
PAPER_961,9
PAPER_962,5
PAPER_963,6
PAPER_964,5
PAPER_965,3
PAPER_966,6
PAPER_967,3
PAPER_968,8
PAPER_969,12
PAPER_970,8
PAPER_971,6
PAPER_972,4
PAPER_973,2
PAPER_974,8
PAPER_975,4
PAPER_976,3
PAPER_977,2
PAPER_978,2
PAPER_979,19
PAPER_980,4
PAPER_981,5
PAPER_982,3
PAPER_983,2
PAPER_984,3
PAPER_985,5
PAPER_986,2
PAPER_987,4
PAPER_988,5
PAPER_989,12
PAPER_990,4
PAPER_991,5
PAPER_992,2
PAPER_993,4
PAPER_994,2
PAPER_995,4
PAPER_996,2
PAPER_997,6
PAPER_998,1
PAPER_999,7
LITERAL_G_FILES,168
LITERAL_C_FILES,57
