"FileName","FileNumber","SizeKB","Lines","Constants","Particles","Frequencies","Masses","TotalExtractable","Priority"
"source1.cpp","1","45.31","1115","0","0","0","0","0","LOW"
"source2.cpp","2","101.35","2183","0","0","0","0","0","LOW"
"source3.cpp","3","44.88","1108","0","0","0","0","0","LOW"
"source4.cpp","4","59.32","1782","7","0","0","0","7","LOW"
"Source5.cpp","5","51.59","1559","15","0","0","0","15","MEDIUM"
"Source6.cpp","6","571.76","2137","14","0","0","0","14","MEDIUM"
"source7.cpp","7","83.02","2305","16","0","0","0","16","MEDIUM"
"source8.cpp","8","54.26","1333","0","0","0","2","2","LOW"
"source9.cpp","9","13.16","425","4","0","0","0","4","LOW"
"source10.cpp","10","273.22","3430","67","17","5","0","89","HIGH"
"source11.cpp","11","20.89","533","7","0","0","0","7","LOW"
"source12.cpp","12","91.05","2124","0","0","0","2","2","LOW"
"source13.cpp","13","17.94","554","0","1","0","2","3","LOW"
"source14.cpp","14","20.31","607","0","1","0","2","3","LOW"
"source15.cpp","15","20.42","607","0","0","0","0","0","LOW"
"source16.cpp","16","20.75","607","0","1","0","2","3","LOW"
"source17.cpp","17","20.51","604","0","1","0","2","3","LOW"
"source18.cpp","18","21.37","630","0","1","0","2","3","LOW"
"source19.cpp","19","20.48","597","0","1","0","2","3","LOW"
"source20.cpp","20","20.57","614","0","1","0","2","3","LOW"
"source21.cpp","21","21.21","632","0","1","0","2","3","LOW"
"source22.cpp","22","20.23","603","0","1","0","2","3","LOW"
"source23.cpp","23","21.69","640","0","1","0","2","3","LOW"
"source24.cpp","24","20.32","603","0","1","0","2","3","LOW"
"source25.cpp","25","21.73","650","0","1","0","2","3","LOW"
"source26.cpp","26","21.57","639","0","1","0","2","3","LOW"
"source27.cpp","27","20.82","614","0","1","0","2","3","LOW"
"source28.cpp","28","20.12","444","0","0","0","0","0","LOW"
"source29.cpp","29","21.02","459","0","0","0","0","0","LOW"
"source30.cpp","30","20.66","459","0","0","0","0","0","LOW"
"source31.cpp","31","21.15","443","0","0","0","0","0","LOW"
"source32.cpp","32","21.38","444","0","0","0","0","0","LOW"
"source33.cpp","33","20.3","418","0","0","0","0","0","LOW"
"source34.cpp","34","20.98","424","0","0","0","0","0","LOW"
"source35.cpp","35","19.65","409","0","0","0","0","0","LOW"
"source36.cpp","36","19.79","409","0","0","0","0","0","LOW"
"source37.cpp","37","19.34","386","0","0","0","0","0","LOW"
"source38.cpp","38","17.59","350","0","0","0","0","0","LOW"
"source39.cpp","39","20.43","406","0","0","0","0","0","LOW"
"source40.cpp","40","18.25","351","0","0","0","0","0","LOW"
"source41.cpp","41","19.34","434","0","2","0","0","2","LOW"
"source42.cpp","42","19.22","407","0","2","0","0","2","LOW"
"source43.cpp","43","19.76","386","0","0","0","0","0","LOW"
"source44.cpp","44","20.11","439","0","0","0","0","0","LOW"
"source45.cpp","45","20.58","439","0","0","0","0","0","LOW"
"source46.cpp","46","19.33","422","0","0","0","0","0","LOW"
"source47.cpp","47","21.57","423","0","0","0","0","0","LOW"
"source48.cpp","48","21.36","485","0","0","0","1","1","LOW"
"source49.cpp","49","26.7","583","0","0","0","0","0","LOW"
"source50.cpp","50","21.59","454","27","0","0","0","27","MEDIUM"
"source52.cpp","52","18.91","463","0","0","0","0","0","LOW"
"source54.cpp","54","20.82","479","0","0","0","1","1","LOW"
"source56.cpp","56","21.14","498","0","0","0","0","0","LOW"
"source57.cpp","57","21.82","540","0","0","0","0","0","LOW"
"source60.cpp","60","27.5","690","0","0","0","0","0","LOW"
"source64.cpp","64","17.46","469","0","0","0","0","0","LOW"
"source65.cpp","65","20.7","512","0","3","0","0","3","LOW"
"source66.cpp","66","19.3","515","0","8","0","0","8","LOW"
"source67.cpp","67","20.65","499","0","1","0","0","1","LOW"
"source68.cpp","68","15.74","419","0","0","0","0","0","LOW"
"source69.cpp","69","20.21","505","0","0","0","0","0","LOW"
"source70.cpp","70","19.74","509","0","0","0","0","0","LOW"
"source71.cpp","71","20.09","506","0","0","0","0","0","LOW"
"source72.cpp","72","13.91","325","0","0","0","0","0","LOW"
"source73.cpp","73","20.31","481","0","0","0","0","0","LOW"
"source74.cpp","74","18.22","391","0","0","0","0","0","LOW"
"source76.cpp","76","20.24","478","0","0","0","0","0","LOW"
"source77.cpp","77","20.48","479","0","0","0","0","0","LOW"
"source78.cpp","78","21.75","504","0","0","0","0","0","LOW"
"source79.cpp","79","16.63","388","0","0","0","0","0","LOW"
"source80.cpp","80","16.76","388","0","0","0","0","0","LOW"
"source81.cpp","81","20.78","498","0","0","0","0","0","LOW"
"source82.cpp","82","15.89","372","0","0","0","0","0","LOW"
"source83.cpp","83","16.62","383","0","10","0","0","10","LOW"
"source84.cpp","84","14.58","342","0","2","0","0","2","LOW"
"source85.cpp","85","20.77","498","0","0","0","0","0","LOW"
"source86.cpp","86","28.56","715","0","0","0","0","0","LOW"
"source87.cpp","87","27.23","705","0","0","0","0","0","LOW"
"source88.cpp","88","14.79","350","0","0","0","0","0","LOW"
"source89.cpp","89","13.05","314","0","0","0","0","0","LOW"
"source90.cpp","90","13.42","322","0","0","0","0","0","LOW"
"source91.cpp","91","14.95","370","0","1","0","0","1","LOW"
"source92.cpp","92","13.86","344","0","0","0","0","0","LOW"
"source93.cpp","93","12.84","317","0","0","0","0","0","LOW"
"source94.cpp","94","13.95","365","0","0","0","0","0","LOW"
"source95.cpp","95","15.14","357","0","0","0","0","0","LOW"
"source96.cpp","96","13.39","345","0","0","0","0","0","LOW"
"source97.cpp","97","14.15","333","0","0","0","0","0","LOW"
"source98.cpp","98","13.98","346","0","0","0","0","0","LOW"
"source100.cpp","100","13.52","343","0","0","0","0","0","LOW"
"source101.cpp","101","13.01","330","0","0","0","0","0","LOW"
"source102.cpp","102","12.8","328","0","0","0","0","0","LOW"
"Source103.cpp","103","12.85","311","0","0","0","0","0","LOW"
"source104.cpp","104","13.14","326","0","0","0","0","0","LOW"
"source105.cpp","105","12.67","330","0","0","0","0","0","LOW"
"source106.cpp","106","13.67","345","0","0","0","0","0","LOW"
"source107.cpp","107","12.05","316","0","0","0","0","0","LOW"
"source108.cpp","108","11.7","302","0","0","0","0","0","LOW"
"source109.cpp","109","13.67","345","0","0","0","0","0","LOW"
"source110.cpp","110","12.91","330","0","0","0","0","0","LOW"
"source111.cpp","111","13.52","350","0","0","0","0","0","LOW"
"source112.cpp","112","12.61","319","0","0","0","0","0","LOW"
"source113.cpp","113","12.97","328","0","0","0","0","0","LOW"
"source114.cpp","114","12.07","300","0","0","0","0","0","LOW"
"Source115.cpp","115","13.35","329","0","0","0","0","0","LOW"
"source116.cpp","116","13.53","337","0","0","0","0","0","LOW"
"source117.cpp","117","13.31","343","0","0","0","0","0","LOW"
"source118.cpp","118","13.47","336","0","0","0","0","0","LOW"
"Source119.cpp","119","12.66","311","0","0","0","0","0","LOW"
"source120.cpp","120","12.43","323","0","0","0","0","0","LOW"
"source121.cpp","121","12.54","304","0","0","0","0","0","LOW"
"Source122.cpp","122","11.84","297","0","0","0","0","0","LOW"
"source123.cpp","123","13.96","348","0","0","0","0","0","LOW"
"source124.cpp","124","12.77","314","0","0","0","0","0","LOW"
"source125.cpp","125","13.26","328","0","0","0","0","0","LOW"
"source126.cpp","126","13.41","333","0","0","0","0","0","LOW"
"source127.cpp","127","12.49","309","0","0","0","0","0","LOW"
"source128.cpp","128","13.89","337","0","0","0","0","0","LOW"
"source129.cpp","129","13.81","337","0","0","0","0","0","LOW"
"source130.cpp","130","12.5","311","0","0","0","0","0","LOW"
"source131.cpp","131","14.69","337","0","0","0","0","0","LOW"
"source132.cpp","132","16.33","404","0","5","0","0","5","LOW"
"source133.cpp","133","16.3","403","0","5","0","0","5","LOW"
"source134.cpp","134","22.15","533","1","0","0","0","1","LOW"
"source135.cpp","135","20.95","471","0","0","0","0","0","LOW"
"source136.cpp","136","20.94","471","0","0","0","0","0","LOW"
"source137.cpp","137","20.92","471","0","0","0","0","0","LOW"
"source138.cpp","138","20.91","473","0","0","0","0","0","LOW"
"Source139.cpp","139","20.72","472","0","0","0","0","0","LOW"
"source140.cpp","140","20.79","471","0","0","0","0","0","LOW"
"source141.cpp","141","20.14","480","0","0","0","0","0","LOW"
"source142.cpp","142","20.58","481","0","0","0","0","0","LOW"
"Source143.cpp","143","20.44","482","0","0","0","0","0","LOW"
"source144.cpp","144","20.77","483","0","0","0","0","0","LOW"
"source145.cpp","145","20.54","483","0","0","0","0","0","LOW"
"source146.cpp","146","20.58","483","0","0","0","0","0","LOW"
"source147.cpp","147","42.79","1034","1","0","0","0","1","LOW"
"source148.cpp","148","20.62","483","0","0","0","0","0","LOW"
"source149.cpp","149","20.6","483","0","0","0","0","0","LOW"
"source150.cpp","150","20.72","483","0","0","0","0","0","LOW"
"source151.cpp","151","20.88","505","0","0","0","0","0","LOW"
"source152.cpp","152","20.68","483","0","0","0","0","0","LOW"
"source153.cpp","153","31.51","765","0","0","1","0","1","LOW"
"Source154.cpp","154","44.56","1072","0","2","2","0","4","LOW"
"Source155.cpp","155","34.8","806","0","0","0","0","0","LOW"
"Source156.cpp","156","40.77","948","0","1","0","0","1","LOW"
"Source157.cpp","157","32.28","832","0","0","1","0","1","LOW"
"Source158.cpp","158","53.86","1230","0","0","0","0","0","LOW"
"Source159.cpp","159","37.51","946","0","0","0","0","0","LOW"
"Source160.cpp","160","11.73","322","0","0","0","0","0","LOW"
"Source161.cpp","161","21.98","518","0","1","0","0","1","LOW"
"Source162.cpp","162","22.5","493","0","1","0","0","1","LOW"
"Source163.cpp","163","21.76","631","0","0","0","0","0","LOW"
"Source164.cpp","164","24.5","701","0","0","1","0","1","LOW"
"Source165.cpp","165","16.97","438","0","1","0","0","1","LOW"
"Source166.cpp","166","23.17","606","0","0","0","0","0","LOW"
"Source167.cpp","167","17.53","466","9","3","0","0","12","MEDIUM"
"source168.cpp","168","12.51","360","28","4","0","0","32","MEDIUM"
"source169.cpp","169","12.74","270","12","0","0","0","12","MEDIUM"
"source170.cpp","170","15.6","382","10","0","0","0","10","LOW"
"source171.cpp","171","27.36","711","9","0","0","0","9","LOW"
"source172.cpp","172","26.62","647","9","0","0","0","9","LOW"
"source173.cpp","173","23.97","692","1","0","1","0","2","LOW"
